dato;maerke;model;variant;vejledende_nypris_kr;gruppe;gruppe_hvis_levering_fratraekkes;afgiftspligtig_vaerdi_beregnet_kr;afgift_2026_beregnet_kr;afgift_2027_beregnet_kr;forskel_kr;pris_2027_ved_uaendret_pris_foer_afgift_kr;maalt_gns_maanedspris_kr;maalt_km_pr_aar;maalt_loebetid_mdr;maalt_ydelse_inkl_forsikring;url
2026-10-09;Audi;A6 e-tron Avant;S line plus e-tron 286 hk;534990;over;over;491594;43396;90282;46886;581876;6768;15000;48;nej;https://leasingoverblik.dk/tilbud/audi-a6-e-tron-avant-s-line-plus-e-tron-286-hk-udb-55-000-15000-48.html
2026-10-09;Audi;A6 e-tron Avant;S line plus e-tron performance 367 hk;564990;over;over;510344;54646;103782;49136;614126;7168;15000;48;nej;https://leasingoverblik.dk/tilbud/audi-a6-e-tron-avant-s-line-plus-e-tron-performance-367-hk-udb-55-000-15000-48.html
2026-10-09;Audi;A6 e-tron Avant;S line plus e-tron quattro 428 hk;614990;over;over;541594;73396;126282;52886;667876;7568;15000;48;nej;https://leasingoverblik.dk/tilbud/audi-a6-e-tron-avant-s-line-plus-e-tron-quattro-428-hk-udb-55-000-15000-48.html
2026-10-09;Audi;A6 e-tron Sportback;S line plus e-tron 286 hk;519990;over;over;482219;37771;83532;45761;565751;6668;15000;48;nej;https://leasingoverblik.dk/tilbud/audi-a6-e-tron-sportback-s-line-plus-e-tron-286-hk-15000-48.html
2026-10-09;Audi;A6 e-tron Sportback;S line plus e-tron performance 367 hk;549990;over;over;500969;49021;97032;48011;598001;7068;15000;48;nej;https://leasingoverblik.dk/tilbud/audi-a6-e-tron-sportback-s-line-plus-e-tron-performance-367-hk-udb-55-000-15000-48.html
2026-10-09;Audi;A6 e-tron Sportback;S line plus e-tron quattro 428 hk;599990;over;over;532219;67771;119532;51761;651751;7468;15000;48;nej;https://leasingoverblik.dk/tilbud/audi-a6-e-tron-sportback-s-line-plus-e-tron-quattro-428-hk-udb-55-000-15000-48.html
2026-10-09;Audi;Q4 e-tron;performance 286 hk;389990;mellem;mellem;389990;0;17127;17127;407117;4959;15000;48;nej;https://leasingoverblik.dk/tilbud/audi-q4-e-tron-performance-286-hk-udb-45-000-15000-48.html
2026-10-09;Audi;Q4 e-tron;quattro performance 340 hk;429990;over;over;425969;4021;43032;39011;469001;5359;15000;48;nej;https://leasingoverblik.dk/tilbud/audi-q4-e-tron-quattro-performance-340-hk-udb-45-000-15000-48.html
2026-10-09;Audi;Q4 e-tron Sportback;performance 286 hk;405990;mellem;mellem;405990;0;28647;28647;434637;5459;15000;48;nej;https://leasingoverblik.dk/tilbud/audi-q4-e-tron-sportback-performance-286-hk-udb-45-000-15000-48.html
2026-10-09;Audi;Q4 e-tron Sportback;quattro performance 340 hk;454990;over;over;441594;13396;54282;40886;495876;5859;15000;48;nej;https://leasingoverblik.dk/tilbud/audi-q4-e-tron-sportback-quattro-performance-340-hk-udb-45-000-15000-48.html
2026-10-09;Audi;Q6 e-tron;S line plus e-tron 252 hk;519990;over;over;482219;37771;83532;45761;565751;6868;15000;48;nej;https://leasingoverblik.dk/tilbud/audi-q6-e-tron-s-line-plus-e-tron-252-hk-udb-55-000-15000-48.html
2026-10-09;Audi;Q6 e-tron;S line plus e-tron performance 306 hk;559990;over;over;507219;52771;101532;48761;608751;7168;15000;48;nej;https://leasingoverblik.dk/tilbud/audi-q6-e-tron-s-line-plus-e-tron-performance-306-hk-udb-55-000-15000-48.html
2026-10-09;Audi;Q6 e-tron;S line plus e-tron quattro 428 hk;644990;over;over;560344;84646;139782;55136;700126;7668;15000;48;nej;https://leasingoverblik.dk/tilbud/audi-q6-e-tron-s-line-plus-e-tron-quattro-428-hk-udb-55-000-15000-48.html
2026-10-09;Audi;Q6 e-tron Sportback;S line plus e-tron 252 hk;544990;over;over;497844;47146;94782;47636;592626;7468;15000;48;nej;https://leasingoverblik.dk/tilbud/audi-q6-e-tron-sportback-s-line-plus-e-tron-252-hk-udb-55-000-15000-48.html
2026-10-09;Audi;Q6 e-tron Sportback;S line plus e-tron performance 306 hk;584990;over;over;522844;62146;112782;50636;635626;7768;15000;48;nej;https://leasingoverblik.dk/tilbud/audi-q6-e-tron-sportback-s-line-plus-e-tron-performance-306-hk-udb-55-000-15000-48.html
2026-10-09;Audi;Q6 e-tron Sportback;S line plus e-tron quattro 428 hk;669990;over;over;575969;94021;151032;57011;727001;8268;15000;48;nej;https://leasingoverblik.dk/tilbud/audi-q6-e-tron-sportback-s-line-plus-e-tron-quattro-428-hk-udb-55-000-15000-48.html
2026-10-09;BMW;i3;xDrive50 First edition;619900;over;over;544662;75238;128491;53253;673154;7353;15000;48;nej;https://leasingoverblik.dk/tilbud/bmw-i3-xdrive50-first-edition-15000-48.html
2026-10-09;BMW;i4;eDrive35 Fully Charged;439900;over;over;432162;7738;47491;39753;479654;6345;15000;48;nej;https://leasingoverblik.dk/tilbud/bmw-i4-edrive35-fully-charged-15000-48.html
2026-10-09;BMW;i4;eDrive35 M Sport;439900;over;over;432162;7738;47491;39753;479654;5845;15000;48;nej;https://leasingoverblik.dk/tilbud/bmw-i4-edrive35-m-sport-15000-48.html
2026-10-09;BMW;i4;M60 xDrive;569900;over;over;513412;56488;105991;49503;619404;6753;15000;48;nej;https://leasingoverblik.dk/tilbud/bmw-i4-m60-xdrive-15000-48.html
2026-10-09;BMW;i4;M60 xDrive Fully Charged;569900;over;over;513412;56488;105991;49503;619404;7053;15000;48;nej;https://leasingoverblik.dk/tilbud/bmw-i4-m60-xdrive-fully-charged-15000-48.html
2026-10-09;BMW;i5;eDrive40 Sedan M Sport;544900;over;over;497788;47112;94741;47629;592529;6749;15000;48;nej;https://leasingoverblik.dk/tilbud/bmw-i5-edrive40-sedan-m-sport-15000-48.html
2026-10-09;BMW;i5;eDrive40 Touring M Sport;559900;over;over;507162;52738;101491;48753;608654;6750;15000;48;nej;https://leasingoverblik.dk/tilbud/bmw-i5-edrive40-touring-m-sport-15000-48.html
2026-10-09;BMW;i5;eDrive40 Sedan Fully Charged;599900;over;over;532162;67738;119491;51753;651654;7349;15000;48;nej;https://leasingoverblik.dk/tilbud/bmw-i5-edrive40-sedan-fully-charged-15000-48.html
2026-10-09;BMW;i5;eDrive40 Touring Fully Charged;614900;over;over;541538;73362;126241;52879;667779;7349;15000;48;nej;https://leasingoverblik.dk/tilbud/bmw-i5-edrive40-touring-fully-charged-15000-48.html
2026-10-09;BMW;i5;eDrive40 Sedan Supercharged;654900;over;over;566538;88362;144241;55879;710779;7949;15000;48;nej;https://leasingoverblik.dk/tilbud/bmw-i5-edrive40-sedan-supercharged-15000-48.html
2026-10-09;BMW;i5;eDrive40 Touring Supercharged;669900;over;over;575912;93988;150991;57003;726904;7949;15000;48;nej;https://leasingoverblik.dk/tilbud/bmw-i5-edrive40-touring-supercharged-15000-48.html
2026-10-09;BMW;i7;xDrive50 M Sport;1099900;over;over;844662;255238;344491;89253;1189154;12166;15000;48;nej;https://leasingoverblik.dk/tilbud/bmw-i7-xdrive50-m-sport-15000-48.html
2026-10-09;BMW;i7;xDrive50 Fully Charged;1259900;over;over;944662;315238;416491;101253;1361154;14166;15000;48;nej;https://leasingoverblik.dk/tilbud/bmw-i7-xdrive50-fully-charged-15000-48.html
2026-10-09;BMW;iX;xDrive60 M Sport;799900;over;over;657162;142738;209491;66753;866654;10166;15000;48;nej;https://leasingoverblik.dk/tilbud/bmw-ix-xdrive60-m-sport-15000-48.html
2026-10-09;BMW;iX;xDrive60 Fully Charged;849900;over;over;688412;161488;231991;70503;920404;10666;15000;48;nej;https://leasingoverblik.dk/tilbud/bmw-ix-xdrive60-fully-charged-15000-48.html
2026-10-09;BMW;iX;xDrive60 Super Charged;929900;over;over;738412;191488;267991;76503;1006404;11166;15000;48;nej;https://leasingoverblik.dk/tilbud/bmw-ix-xdrive60-super-charged-15000-48.html
2026-10-09;BMW;iX1;eDrive20 M Sport;369900;mellem;mellem;369900;0;2662;2662;372562;4541;15000;48;nej;https://leasingoverblik.dk/tilbud/bmw-ix1-edrive20-m-sport-15000-48.html
2026-10-09;BMW;iX1;eDrive20 Fully Charged;389900;mellem;mellem;389900;0;17062;17062;406962;4841;15000;48;nej;https://leasingoverblik.dk/tilbud/bmw-ix1-edrive20-fully-charged-15000-48.html
2026-10-09;BMW;iX1;xDrive30 M Sport;399900;mellem;mellem;399900;0;24262;24262;424162;4941;15000;48;nej;https://leasingoverblik.dk/tilbud/bmw-ix1-xdrive30-m-sport-15000-48.html
2026-10-09;BMW;iX1;eDrive20 Supercharged;419900;over;mellem;419662;238;38491;38253;458154;5141;15000;48;nej;https://leasingoverblik.dk/tilbud/bmw-ix1-edrive20-supercharged-15000-48.html
2026-10-09;BMW;iX1;xDrive30 Fully Charged;419900;over;mellem;419662;238;38491;38253;458154;5241;15000;48;nej;https://leasingoverblik.dk/tilbud/bmw-ix1-xdrive30-fully-charged-15000-48.html
2026-10-09;BMW;iX1;xDrive30 Supercharged;454900;over;over;441538;13362;54241;40879;495779;5541;15000;48;nej;https://leasingoverblik.dk/tilbud/bmw-ix1-xdrive30-supercharged-15000-48.html
2026-10-09;BMW;iX2;eDrive20 M Sport;379900;mellem;mellem;379900;0;9862;9862;389762;4741;15000;48;nej;https://leasingoverblik.dk/tilbud/bmw-ix2-edrive20-m-sport-15000-48.html
2026-10-09;BMW;iX2;eDrive20 Fully Charged;399900;mellem;mellem;399900;0;24262;24262;424162;5041;15000;48;nej;https://leasingoverblik.dk/tilbud/bmw-ix2-edrive20-fully-charged-15000-48.html
2026-10-09;BMW;iX2;xDrive30 M Sport;409900;mellem;mellem;409900;0;31462;31462;441362;5141;15000;48;nej;https://leasingoverblik.dk/tilbud/bmw-ix2-xdrive30-m-sport-15000-48.html
2026-10-09;BMW;iX2;eDrive20 Supercharged;429900;over;over;425912;3988;42991;39003;468904;5341;15000;48;nej;https://leasingoverblik.dk/tilbud/bmw-ix2-edrive20-supercharged-15000-48.html
2026-10-09;BMW;iX2;xDrive30 Fully Charged;429900;over;over;425912;3988;42991;39003;468904;5441;15000;48;nej;https://leasingoverblik.dk/tilbud/bmw-ix2-xdrive30-fully-charged-15000-48.html
2026-10-09;BMW;iX2;xDrive30 Supercharged;464900;over;over;447788;17112;58741;41629;506529;5741;15000;48;nej;https://leasingoverblik.dk/tilbud/bmw-ix2-xdrive30-supercharged-15000-48.html
2026-10-09;BMW;iX3;40 Active editon;519900;over;over;482162;37738;83491;45753;565654;6353;15000;48;nej;https://leasingoverblik.dk/tilbud/bmw-ix3-40-active-editon-15000-48.html
2026-10-09;BMW;iX3;40 M Sport;549900;over;over;500912;48988;96991;48003;597904;6653;15000;48;nej;https://leasingoverblik.dk/tilbud/bmw-ix3-40-m-sport-15000-48.html
2026-10-09;BMW;iX3;40 Fully Charged;599900;over;over;532162;67738;119491;51753;651654;7153;15000;48;nej;https://leasingoverblik.dk/tilbud/bmw-ix3-40-fully-charged-15000-48.html
2026-10-09;BMW;iX3;xDrive50;599900;over;over;532162;67738;119491;51753;651654;7353;15000;48;nej;https://leasingoverblik.dk/tilbud/bmw-ix3-xdrive50-15000-48.html
2026-10-09;BMW;iX3;40 Supercharged;619900;over;over;544662;75238;128491;53253;673154;7354;15000;48;nej;https://leasingoverblik.dk/tilbud/bmw-ix3-40-supercharged-15000-48.html
2026-10-09;BMW;iX3;40 Super Charged M Sport Pro;629650;over;over;550756;78894;132879;53985;683635;7562;15000;48;nej;https://leasingoverblik.dk/tilbud/bmw-ix3-40-super-charged-m-sport-pro-15000-48.html
2026-10-09;BMW;iX3;xDrive50 M Sport;629900;over;over;550912;78988;132991;54003;683904;7653;15000;48;nej;https://leasingoverblik.dk/tilbud/bmw-ix3-xdrive50-m-sport-15000-48.html
2026-10-09;BMW;iX3;xDrive50 Fully Charged;679900;over;over;582162;97738;155491;57753;737654;8153;15000;48;nej;https://leasingoverblik.dk/tilbud/bmw-ix3-xdrive50-fully-charged-15000-48.html
2026-10-09;BMW;iX3;xDrive50 Supercharged;699900;over;over;594662;105238;164491;59253;759154;8354;15000;48;nej;https://leasingoverblik.dk/tilbud/bmw-ix3-xdrive50-supercharged-15000-48.html
2026-10-09;BYD;Atto 2;Comfort;244995;under;under;244995;0;0;0;244995;4099;15000;48;nej;https://leasingoverblik.dk/tilbud/byd-atto-2-comfort-lav-ydelse-15000-48.html
2026-10-09;BYD;Atto 3 EVO;Design;279995;under;under;279995;0;0;0;279995;4316;15000;48;nej;https://leasingoverblik.dk/tilbud/byd-atto-3-evo-design-lav-ydelse-15000-48.html
2026-10-09;BYD;Atto 3 EVO;Excellence;299995;under;under;299995;0;0;0;299995;4516;15000;48;nej;https://leasingoverblik.dk/tilbud/byd-atto-3-evo-excellence-lav-ydelse-15000-48.html
2026-10-09;BYD;Dolphin;Comfort;214995;under;under;214995;0;0;0;214995;3499;15000;48;nej;https://leasingoverblik.dk/tilbud/byd-dolphin-comfort-lav-ydelse-15000-48.html
2026-10-09;BYD;Dolphin Surf;Boost;174995;under;under;174995;0;0;0;174995;2599;15000;48;nej;https://leasingoverblik.dk/tilbud/byd-dolphin-surf-boost-lav-ydelse-15000-48.html
2026-10-09;BYD;Dolphin Surf;Comfort;189995;under;under;189995;0;0;0;189995;2799;15000;48;nej;https://leasingoverblik.dk/tilbud/byd-dolphin-surf-comfort-lav-ydelse-15000-48.html
2026-10-09;BYD;Seal;Design;319995;under;under;319995;0;0;0;319995;4616;15000;48;nej;https://leasingoverblik.dk/tilbud/byd-seal-design-lav-ydelse-15000-48.html
2026-10-09;BYD;Seal;Excellence;344995;under;under;344995;0;0;0;344995;4716;15000;48;nej;https://leasingoverblik.dk/tilbud/byd-seal-excellence-lav-ydelse-15000-48.html
2026-10-09;BYD;Seal U;Design;299995;under;under;299995;0;0;0;299995;4216;15000;48;nej;https://leasingoverblik.dk/tilbud/byd-seal-u-design-lav-ydelse-15000-48.html
2026-10-09;BYD;Sealion 7;Comfort;329995;under;under;329995;0;0;0;329995;4516;15000;48;nej;https://leasingoverblik.dk/tilbud/byd-sealion-7-comfort-lav-ydelse-15000-48.html
2026-10-09;BYD;Sealion 7;Excellence;369995;mellem;mellem;369995;0;2731;2731;372726;5116;15000;48;nej;https://leasingoverblik.dk/tilbud/byd-sealion-7-excellence-lav-ydelse-15000-48.html
2026-10-09;BYD;Tang;Flagship;399995;mellem;mellem;399995;0;24331;24331;424326;6424;15000;48;nej;https://leasingoverblik.dk/tilbud/byd-tang-flagship-lav-ydelse-15000-48.html
2026-10-09;Citroën;ë-C3;VTR Sport · 113 EL 44 kWh;169990;under;under;169990;0;0;0;169990;2955;10000;36;nej;https://leasingoverblik.dk/tilbud/citroen-e-c3-vtr-sport-113-el-44-kwh-udb-49-995-10000-36.html
2026-10-09;Citroën;ë-C3 Aircross;Plus · 113 EL 54 kWh;234990;under;under;234990;0;0;0;234990;3350;10000;36;nej;https://leasingoverblik.dk/tilbud/citroen-e-c3-aircross-plus-113-el-54-kwh-udb-29-995-10000-36.html
2026-10-09;Citroën;ë-C5 Aircross;VTR Sport · 210 EL;289990;under;under;289990;0;0;0;289990;4850;10000;36;nej;https://leasingoverblik.dk/tilbud/citroen-e-c5-aircross-vtr-sport-210-el-udb-29-995-10000-36.html
2026-10-09;Cupra;Born;190 hk;249990;under;under;249990;0;0;0;249990;3632;15000;48;nej;https://leasingoverblik.dk/tilbud/cupra-born-190-hk-udb-29-995-15000-48.html
2026-10-09;Cupra;Born;Plus 190 hk;269990;under;under;269990;0;0;0;269990;3842;15000;48;nej;https://leasingoverblik.dk/tilbud/cupra-born-plus-190-hk-udb-29-995-15000-48.html
2026-10-09;Cupra;Born;Endurance 231 hk;299990;under;under;299990;0;0;0;299990;4147;15000;48;nej;https://leasingoverblik.dk/tilbud/cupra-born-endurance-231-hk-udb-29-995-15000-48.html
2026-10-09;Cupra;Born;VZ 326 hk;349990;under;under;349990;0;0;0;349990;4682;15000;48;nej;https://leasingoverblik.dk/tilbud/cupra-born-vz-326-hk-15000-48.html
2026-10-09;Cupra;Raval;Plus 135 hk;199990;under;under;199990;0;0;0;199990;2800;15000;48;nej;https://leasingoverblik.dk/tilbud/cupra-raval-plus-135-hk-udb-14-995-15000-48.html
2026-10-09;Cupra;Raval;Endurance 211 hk;234990;under;under;234990;0;0;0;234990;3100;15000;48;nej;https://leasingoverblik.dk/tilbud/cupra-raval-endurance-211-hk-udb-14-995-15000-48.html
2026-10-09;Cupra;Raval;VZ 226 hk;259990;under;under;259990;0;0;0;259990;3500;15000;48;nej;https://leasingoverblik.dk/tilbud/cupra-raval-vz-226-hk-15000-48.html
2026-10-09;Cupra;Tavascan;Plus 190 hk;299990;under;under;299990;0;0;0;299990;3586;15000;48;nej;https://leasingoverblik.dk/tilbud/cupra-tavascan-plus-190-hk-udb-39-995-15000-48.html
2026-10-09;Cupra;Tavascan;Endurance 286 hk;334990;under;under;334990;0;0;0;334990;4001;15000;48;nej;https://leasingoverblik.dk/tilbud/cupra-tavascan-endurance-286-hk-15000-48.html
2026-10-09;Cupra;Tavascan;Adrenaline 286 hk;364990;under;under;364990;0;0;0;364990;4611;15000;48;nej;https://leasingoverblik.dk/tilbud/cupra-tavascan-adrenaline-286-hk-15000-48.html
2026-10-09;Ford;Capri;Premium RWD SR;284990;under;under;284990;0;0;0;284990;3955;10000;36;nej;https://leasingoverblik.dk/tilbud/ford-capri-premium-rwd-sr-udb-49-995-10000-36.html
2026-10-09;Ford;E-Tourneo Custom;Titanium X RWD;419995;over;mellem;419722;273;38534;38261;458256;5555;10000;36;nej;https://leasingoverblik.dk/tilbud/ford-e-tourneo-custom-titanium-x-rwd-udb-49-995-10000-36.html
2026-10-09;Ford;Explorer;Premium RWD SR;284990;under;under;284990;0;0;0;284990;3955;10000;36;nej;https://leasingoverblik.dk/tilbud/ford-explorer-premium-rwd-sr-udb-49-995-10000-36.html
2026-10-09;Ford;Puma Gen-E;Premium FWD SR;224990;under;under;224990;0;0;0;224990;3605;10000;36;nej;https://leasingoverblik.dk/tilbud/ford-puma-gen-e-premium-fwd-sr-udb-49-995-10000-36.html
2026-10-09;Hyundai;Inster;Essential 42 kWh 97 hk;174995;under;under;174995;0;0;0;174995;3450;15000;36;nej;https://leasingoverblik.dk/tilbud/hyundai-inster-essential-42-kwh-97-hk-15000-36.html
2026-10-09;Hyundai;Inster;Essential 49 kWh 115 hk;184995;under;under;184995;0;0;0;184995;3550;15000;36;nej;https://leasingoverblik.dk/tilbud/hyundai-inster-essential-49-kwh-115-hk-15000-36.html
2026-10-09;Hyundai;Inster;Advanced 49 kWh 115 hk;199995;under;under;199995;0;0;0;199995;3850;15000;36;nej;https://leasingoverblik.dk/tilbud/hyundai-inster-advanced-49-kwh-115-hk-15000-36.html
2026-10-09;Hyundai;Inster;Advanced 49 kWh 115 hk (5 pers.);199995;under;under;199995;0;0;0;199995;3950;15000;36;nej;https://leasingoverblik.dk/tilbud/hyundai-inster-advanced-49-kwh-115-hk-5-pers-15000-36.html
2026-10-09;Hyundai;Inster;Cross 49 kWh 115 hk;216995;under;under;216995;0;0;0;216995;4150;15000;36;nej;https://leasingoverblik.dk/tilbud/hyundai-inster-cross-49-kwh-115-hk-15000-36.html
2026-10-09;Hyundai;Ioniq 5;RWD Essential 63 kWh 170 hk;279995;under;under;279995;0;0;0;279995;4257;15000;48;nej;https://leasingoverblik.dk/tilbud/hyundai-ioniq-5-rwd-essential-63-kwh-170-hk-15000-48.html
2026-10-09;Hyundai;Ioniq 5;RWD Essential 84 kWh 229 hk;309995;under;under;309995;0;0;0;309995;4357;15000;48;nej;https://leasingoverblik.dk/tilbud/hyundai-ioniq-5-rwd-essential-84-kwh-229-hk-15000-48.html
2026-10-09;Hyundai;Ioniq 5;RWD Advanced 84 kWh 229 hk;334995;under;under;334995;0;0;0;334995;4557;15000;48;nej;https://leasingoverblik.dk/tilbud/hyundai-ioniq-5-rwd-advanced-84-kwh-229-hk-15000-48.html
2026-10-09;Hyundai;Ioniq 5;RWD Ultimate 84 kWh 229 hk;354995;under;under;354995;0;0;0;354995;4657;15000;48;nej;https://leasingoverblik.dk/tilbud/hyundai-ioniq-5-rwd-ultimate-84-kwh-229-hk-15000-48.html
2026-10-09;Hyundai;Ioniq 5;RWD N Line Plus 84 kWh 229 hk;369995;mellem;mellem;369995;0;2731;2731;372726;4957;15000;48;nej;https://leasingoverblik.dk/tilbud/hyundai-ioniq-5-rwd-n-line-plus-84-kwh-229-hk-15000-48.html
2026-10-09;Hyundai;Ioniq 5;4WD Ultimate 84 kWh 325 hk;379995;mellem;mellem;379995;0;9931;9931;389926;4957;15000;48;nej;https://leasingoverblik.dk/tilbud/hyundai-ioniq-5-4wd-ultimate-84-kwh-325-hk-15000-48.html
2026-10-09;Hyundai;Ioniq 5;4WD N Line Plus 84 kWh 325 hk;394995;mellem;mellem;394995;0;20731;20731;415726;5357;15000;48;nej;https://leasingoverblik.dk/tilbud/hyundai-ioniq-5-4wd-n-line-plus-84-kwh-325-hk-15000-48.html
2026-10-09;Hyundai;Ioniq 9;Advanced 110.3 kWh 218 hk;509995;over;over;475972;34023;79034;45011;555006;8205;15000;36;nej;https://leasingoverblik.dk/tilbud/hyundai-ioniq-9-advanced-110-3-kwh-218-hk-15000-36.html
2026-10-09;Hyundai;Ioniq 9;Advanced 110.3 kWh 303 hk;559995;over;over;507222;52773;101534;48761;608756;8705;15000;36;nej;https://leasingoverblik.dk/tilbud/hyundai-ioniq-9-advanced-110-3-kwh-303-hk-15000-36.html
2026-10-09;Hyundai;Ioniq 9;Ultimate 110.3 kWh 218 hk;569995;over;over;513472;56523;106034;49511;619506;8905;15000;36;nej;https://leasingoverblik.dk/tilbud/hyundai-ioniq-9-ultimate-110-3-kwh-218-hk-15000-36.html
2026-10-09;Hyundai;Ioniq 9;Ultimate 110.3 kWh 303 hk;614995;over;over;541597;73398;126284;52886;667881;9405;15000;36;nej;https://leasingoverblik.dk/tilbud/hyundai-ioniq-9-ultimate-110-3-kwh-303-hk-15000-36.html
2026-10-09;Hyundai;Ioniq 9;Calligraphy 110.3 kWh 303 hk;644995;over;over;560347;84648;139784;55136;700131;9705;15000;36;nej;https://leasingoverblik.dk/tilbud/hyundai-ioniq-9-calligraphy-110-3-kwh-303-hk-15000-36.html
2026-10-09;Hyundai;Ioniq 9;Calligraphy Black Ink 110.3 kWh 308 hk;662990;over;over;571594;91396;147882;56486;719476;10205;15000;36;nej;https://leasingoverblik.dk/tilbud/hyundai-ioniq-9-calligraphy-black-ink-110-3-kwh-308-hk-15000-36.html
2026-10-09;Hyundai;Ioniq 9;Calligraphy Performance 110.3 kWh 422 hk;664995;over;over;572847;92148;148784;56636;721631;10205;15000;36;nej;https://leasingoverblik.dk/tilbud/hyundai-ioniq-9-calligraphy-performance-110-3-kwh-422-hk-15000-36.html
2026-10-09;Hyundai;Ioniq 9;Calligraphy Performance 110.3 kWh 422 hk (6 pers.);664995;over;over;572847;92148;148784;56636;721631;10206;15000;36;nej;https://leasingoverblik.dk/tilbud/hyundai-ioniq-9-calligraphy-performance-110-3-kwh-422-hk-6-pers-15000-36.html
2026-10-09;Hyundai;Ioniq 9;Calligraphy Black Ink 110.3 kWh 428 hk;682990;over;over;584094;98896;156882;57986;740976;10705;15000;36;nej;https://leasingoverblik.dk/tilbud/hyundai-ioniq-9-calligraphy-black-ink-110-3-kwh-428-hk-15000-36.html
2026-10-09;Hyundai;Kona Electric;Essential 48.4 kWh 156 hk;219995;under;under;219995;0;0;0;219995;3150;15000;36;nej;https://leasingoverblik.dk/tilbud/hyundai-kona-electric-essential-48-4-kwh-156-hk-udb-29-995-15000-36.html
2026-10-09;Hyundai;Kona Electric;Essential 65.4 kWh 217 hk;259995;under;under;259995;0;0;0;259995;3405;15000;36;nej;https://leasingoverblik.dk/tilbud/hyundai-kona-electric-essential-65-4-kwh-217-hk-15000-36.html
2026-10-09;Hyundai;Kona Electric;Advanced 65.4 kWh 217 hk;279995;under;under;279995;0;0;0;279995;3705;15000;36;nej;https://leasingoverblik.dk/tilbud/hyundai-kona-electric-advanced-65-4-kwh-217-hk-15000-36.html
2026-10-09;Hyundai;Kona Electric;Ultimate 65.4 kWh 217 hk;299995;under;under;299995;0;0;0;299995;3905;15000;36;nej;https://leasingoverblik.dk/tilbud/hyundai-kona-electric-ultimate-65-4-kwh-217-hk-15000-36.html
2026-10-09;Hyundai;Kona Electric;N Line 65.4 kWh 217 hk;309995;under;under;309995;0;0;0;309995;4050;15000;36;nej;https://leasingoverblik.dk/tilbud/hyundai-kona-electric-n-line-65-4-kwh-217-hk-udb-29-995-15000-36.html
2026-10-09;Kia;EV2;Access 147 hk;184999;under;under;184999;0;0;0;184999;3120;15000;48;nej;https://leasingoverblik.dk/tilbud/kia-ev2-access-147-hk-15000-48.html
2026-10-09;Kia;EV2;Access Standard Range 147 hk;184999;under;under;184999;0;0;0;184999;3146;15000;48;nej;https://leasingoverblik.dk/tilbud/kia-ev2-access-standard-range-147-hk-15000-48.html
2026-10-09;Kia;EV2;Prestige 135 hk;214999;under;under;214999;0;0;0;214999;3420;15000;48;nej;https://leasingoverblik.dk/tilbud/kia-ev2-prestige-135-hk-udb-29-995-15000-48.html
2026-10-09;Kia;EV2;Prestige Long Range 135 hk;214999;under;under;214999;0;0;0;214999;3446;15000;48;nej;https://leasingoverblik.dk/tilbud/kia-ev2-prestige-long-range-135-hk-15000-48.html
2026-10-09;Kia;EV2;Upgrade 135 hk;229999;under;under;229999;0;0;0;229999;3620;15000;48;nej;https://leasingoverblik.dk/tilbud/kia-ev2-upgrade-135-hk-udb-29-995-15000-48.html
2026-10-09;Kia;EV2;Upgrade Long Range 135 hk;229999;under;under;229999;0;0;0;229999;3646;15000;48;nej;https://leasingoverblik.dk/tilbud/kia-ev2-upgrade-long-range-135-hk-udb-29-995-15000-48.html
2026-10-09;Kia;EV2;Black-Line 135 hk;249999;under;under;249999;0;0;0;249999;3820;15000;48;nej;https://leasingoverblik.dk/tilbud/kia-ev2-black-line-135-hk-udb-29-995-15000-48.html
2026-10-09;Kia;EV2;Black-Line Long Range 135 hk;249999;under;under;249999;0;0;0;249999;3846;15000;48;nej;https://leasingoverblik.dk/tilbud/kia-ev2-black-line-long-range-135-hk-15000-48.html
2026-10-09;Kia;EV2;GT-Line 135 hk;249999;under;under;249999;0;0;0;249999;3820;15000;48;nej;https://leasingoverblik.dk/tilbud/kia-ev2-gt-line-135-hk-15000-48.html
2026-10-09;Kia;EV2;GT-Line Long Range 135 hk;249999;under;under;249999;0;0;0;249999;3846;15000;48;nej;https://leasingoverblik.dk/tilbud/kia-ev2-gt-line-long-range-135-hk-15000-48.html
2026-10-09;Kia;EV3;Access 204 hk;249999;under;under;249999;0;0;0;249999;3745;15000;48;nej;https://leasingoverblik.dk/tilbud/kia-ev3-access-204-hk-udb-59-995-15000-48.html
2026-10-09;Kia;EV3;Access Standard Range 204 hk;249999;under;under;249999;0;0;0;249999;3771;15000;48;nej;https://leasingoverblik.dk/tilbud/kia-ev3-access-standard-range-204-hk-udb-59-995-15000-48.html
2026-10-09;Kia;EV3;Prestige 204 hk;264999;under;under;264999;0;0;0;264999;3945;15000;48;nej;https://leasingoverblik.dk/tilbud/kia-ev3-prestige-204-hk-udb-59-995-15000-48.html
2026-10-09;Kia;EV3;Prestige Standard Range 204 hk;264999;under;under;264999;0;0;0;264999;3971;15000;48;nej;https://leasingoverblik.dk/tilbud/kia-ev3-prestige-standard-range-204-hk-15000-48.html
2026-10-09;Kia;EV3;Long Range;274999;under;under;274999;0;0;0;274999;4045;15000;48;nej;https://leasingoverblik.dk/tilbud/kia-ev3-long-range-15000-48.html
2026-10-09;Kia;EV3;Prestige Long Range 204 hk;289999;under;under;289999;0;0;0;289999;4071;15000;48;nej;https://leasingoverblik.dk/tilbud/kia-ev3-prestige-long-range-204-hk-udb-59-995-15000-48.html
2026-10-09;Kia;EV3;Upgrade 204 hk;319999;under;under;319999;0;0;0;319999;4345;15000;48;nej;https://leasingoverblik.dk/tilbud/kia-ev3-upgrade-204-hk-udb-59-995-15000-48.html
2026-10-09;Kia;EV3;Upgrade Long Range 204 hk;319999;under;under;319999;0;0;0;319999;4371;15000;48;nej;https://leasingoverblik.dk/tilbud/kia-ev3-upgrade-long-range-204-hk-15000-48.html
2026-10-09;Kia;EV4;Prestige 204 hk;309999;under;under;309999;0;0;0;309999;3937;15000;48;nej;https://leasingoverblik.dk/tilbud/kia-ev4-prestige-204-hk-15000-48.html
2026-10-09;Kia;EV4;Prestige Long Range 204 hk;329999;under;under;329999;0;0;0;329999;3963;15000;48;nej;https://leasingoverblik.dk/tilbud/kia-ev4-prestige-long-range-204-hk-udb-49-995-15000-48.html
2026-10-09;Kia;EV4;Upgrade 204 hk;339999;under;under;339999;0;0;0;339999;4337;15000;48;nej;https://leasingoverblik.dk/tilbud/kia-ev4-upgrade-204-hk-udb-49-995-15000-48.html
2026-10-09;Kia;EV4;Upgrade Long Range 204 hk;359999;under;under;359999;0;0;0;359999;4363;15000;48;nej;https://leasingoverblik.dk/tilbud/kia-ev4-upgrade-long-range-204-hk-udb-49-995-15000-48.html
2026-10-09;Kia;EV5;Prestige 217 hk;339999;under;under;339999;0;0;0;339999;4920;15000;48;nej;https://leasingoverblik.dk/tilbud/kia-ev5-prestige-217-hk-15000-48.html
2026-10-09;Kia;EV5;Prestige Long Range 217 hk;339999;under;under;339999;0;0;0;339999;4946;15000;48;nej;https://leasingoverblik.dk/tilbud/kia-ev5-prestige-long-range-217-hk-15000-48.html
2026-10-09;Kia;EV5;Upgrade 217 hk;349999;under;under;349999;0;0;0;349999;4745;15000;48;nej;https://leasingoverblik.dk/tilbud/kia-ev5-upgrade-217-hk-15000-48.html
2026-10-09;Kia;EV5;Upgrade Long Range 217 hk;349999;under;under;349999;0;0;0;349999;4771;15000;48;nej;https://leasingoverblik.dk/tilbud/kia-ev5-upgrade-long-range-217-hk-15000-48.html
2026-10-09;Kia;EV5;GT-Line 217 hk;369999;mellem;mellem;369999;0;2734;2734;372733;5145;15000;48;nej;https://leasingoverblik.dk/tilbud/kia-ev5-gt-line-217-hk-15000-48.html
2026-10-09;Kia;EV5;GT-Line Long Range 217 hk;369999;mellem;mellem;369999;0;2734;2734;372733;5171;15000;48;nej;https://leasingoverblik.dk/tilbud/kia-ev5-gt-line-long-range-217-hk-udb-59-995-15000-48.html
2026-10-09;Kia;EV6;Prestige Long Range 229 hk;334999;under;under;334999;0;0;0;334999;3545;15000;48;nej;https://leasingoverblik.dk/tilbud/kia-ev6-prestige-long-range-229-hk-15000-48.html
2026-10-09;Kia;EV6;Upgrade Long Range 229 hk;354999;under;under;354999;0;0;0;354999;4345;15000;48;nej;https://leasingoverblik.dk/tilbud/kia-ev6-upgrade-long-range-229-hk-15000-48.html
2026-10-09;Kia;EV6;Upgrade Long Range Performance 325 hk;379999;mellem;mellem;379999;0;9934;9934;389933;4445;15000;48;nej;https://leasingoverblik.dk/tilbud/kia-ev6-upgrade-long-range-performance-325-hk-15000-48.html
2026-10-09;Kia;EV6;GT-Line Long Range Performance 325 hk;414999;mellem;mellem;414999;0;35134;35134;450133;4645;15000;48;nej;https://leasingoverblik.dk/tilbud/kia-ev6-gt-line-long-range-performance-325-hk-15000-48.html
2026-10-09;Kia;EV6;GT Long Range Performance 650 hk;474999;over;over;454099;20900;63286;42386;517385;5145;15000;48;nej;https://leasingoverblik.dk/tilbud/kia-ev6-gt-long-range-performance-650-hk-15000-48.html
2026-10-09;Kia;EV9;Upgrade Standard Range 218 hk;449999;over;over;438474;11525;52036;40511;490510;5937;15000;48;nej;https://leasingoverblik.dk/tilbud/kia-ev9-upgrade-standard-range-218-hk-15000-48.html
2026-10-09;Kia;EV9;Upgrade Long Range 203 hk;509999;over;over;475974;34025;79036;45011;555010;6437;15000;48;nej;https://leasingoverblik.dk/tilbud/kia-ev9-upgrade-long-range-203-hk-15000-48.html
2026-10-09;Kia;EV9;Upgrade Long Range Performance 384 hk;549999;over;over;500974;49025;97036;48011;598010;7137;15000;48;nej;https://leasingoverblik.dk/tilbud/kia-ev9-upgrade-long-range-performance-384-hk-15000-48.html
2026-10-09;Kia;EV9;Premium Long Range 203 hk;574999;over;over;516599;58400;108286;49886;624885;7137;15000;48;nej;https://leasingoverblik.dk/tilbud/kia-ev9-premium-long-range-203-hk-15000-48.html
2026-10-09;Kia;EV9;GT-Line Long Range Performance 384 hk;699999;over;over;594724;105275;164536;59261;759260;8737;15000;48;nej;https://leasingoverblik.dk/tilbud/kia-ev9-gt-line-long-range-performance-384-hk-15000-48.html
2026-10-09;Kia;PV5 Passenger;Prestige 163 hk;324999;under;under;324999;0;0;0;324999;4020;15000;48;nej;https://leasingoverblik.dk/tilbud/kia-pv5-passenger-prestige-163-hk-udb-29-995-15000-48.html
2026-10-09;Kia;PV5 Passenger;Prestige Long Range 163 hk;324999;under;under;324999;0;0;0;324999;4046;15000;48;nej;https://leasingoverblik.dk/tilbud/kia-pv5-passenger-prestige-long-range-163-hk-15000-48.html
2026-10-09;Kia;PV5 Passenger;Upgrade 163 hk;339999;under;under;339999;0;0;0;339999;4220;15000;48;nej;https://leasingoverblik.dk/tilbud/kia-pv5-passenger-upgrade-163-hk-udb-29-995-15000-48.html
2026-10-09;Kia;PV5 Passenger;Upgrade Long Range 163 hk;339999;under;under;339999;0;0;0;339999;4246;15000;48;nej;https://leasingoverblik.dk/tilbud/kia-pv5-passenger-upgrade-long-range-163-hk-udb-29-995-15000-48.html
2026-10-09;Leapmotor;B10;DESIGN;229990;under;under;229990;0;0;0;229990;3950;10000;36;nej;https://leasingoverblik.dk/tilbud/leapmotor-b10-design-10000-36.html
2026-10-09;Lexus;ES;350e Executive;459500;over;over;444412;15088;56311;41223;500724;5520;15000;48;nej;https://leasingoverblik.dk/tilbud/lexus-es-350e-executive-15000-48.html
2026-10-09;Lexus;ES;350e Executive 21” alufælge;474500;over;over;453788;20712;63061;42349;516849;5720;15000;48;nej;https://leasingoverblik.dk/tilbud/lexus-es-350e-executive-21-aluflge-15000-48.html
2026-10-09;Lexus;ES;500e Executive;499500;over;over;469412;30088;74311;44223;543724;6220;15000;48;nej;https://leasingoverblik.dk/tilbud/lexus-es-500e-executive-15000-48.html
2026-10-09;Lexus;ES;500e Executive 21” alufælge;514500;over;over;478788;35712;81061;45349;559849;6420;15000;48;nej;https://leasingoverblik.dk/tilbud/lexus-es-500e-executive-21-aluflge-15000-48.html
2026-10-09;Lexus;ES;350e Luxury;539500;over;over;494412;45088;92311;47223;586724;7020;15000;48;nej;https://leasingoverblik.dk/tilbud/lexus-es-350e-luxury-15000-48.html
2026-10-09;Lexus;ES;350e Luxury 21” alufælge;554500;over;over;503788;50712;99061;48349;602849;7220;15000;48;nej;https://leasingoverblik.dk/tilbud/lexus-es-350e-luxury-21-aluflge-15000-48.html
2026-10-09;Lexus;RZ;350e Executive;399500;mellem;mellem;399500;0;23974;23974;423474;4916;15000;48;nej;https://leasingoverblik.dk/tilbud/lexus-rz-350e-executive-15000-48.html
2026-10-09;Lexus;RZ;350e Luxury;439500;over;over;431912;7588;47311;39723;479224;5416;15000;48;nej;https://leasingoverblik.dk/tilbud/lexus-rz-350e-luxury-15000-48.html
2026-10-09;Lexus;RZ;500e Executive;439500;over;over;431912;7588;47311;39723;479224;5416;15000;48;nej;https://leasingoverblik.dk/tilbud/lexus-rz-500e-executive-15000-48.html
2026-10-09;Lexus;RZ;500e Luxury;499500;over;over;469412;30088;74311;44223;543724;6816;15000;48;nej;https://leasingoverblik.dk/tilbud/lexus-rz-500e-luxury-15000-48.html
2026-10-09;Lexus;RZ;550e F Sport;599500;over;over;531912;67588;119311;51723;651224;8216;15000;48;nej;https://leasingoverblik.dk/tilbud/lexus-rz-550e-f-sport-15000-48.html
2026-10-09;Mazda;CX-6e;Takumi 258 hk 78 kWh;329990;under;under;329990;0;0;0;329990;5249;15000;48;nej;https://leasingoverblik.dk/tilbud/mazda-cx-6e-takumi-258-hk-78-kwh-udb-49-995-15000-48.html
2026-10-09;Mazda;CX-6e;"Takumi 21"" 258 hk 78 kWh";339980;under;under;339980;0;0;0;339980;5449;15000;48;nej;https://leasingoverblik.dk/tilbud/mazda-cx-6e-takumi-21-258-hk-78-kwh-udb-49-995-15000-48.html
2026-10-09;Mazda;CX-6e;Takumi Plus 258 hk 78 kWh;352490;under;under;352490;0;0;0;352490;5649;15000;48;nej;https://leasingoverblik.dk/tilbud/mazda-cx-6e-takumi-plus-258-hk-78-kwh-udb-49-995-15000-48.html
2026-10-09;Mercedes-Benz;C-Klasse;C 400 4MATIC Advance Plus;549900;over;over;500912;48988;96991;48003;597904;7745;15000;36;ja;https://leasingoverblik.dk/tilbud/mercedes-c-klasse-c-400-4matic-advance-plus-inkl-forsikring-15000-36.html
2026-10-09;Mercedes-Benz;CLA;250+ Advance Edition;419900;over;mellem;419662;238;38491;38253;458154;5845;15000;36;ja;https://leasingoverblik.dk/tilbud/mercedes-cla-250-advance-edition-inkl-forsikring-15000-36.html
2026-10-09;Mercedes-Benz;CLA;250+ Advance Edition Shooting Brake;429946;over;over;425941;4005;43012;39007;468953;6045;15000;36;ja;https://leasingoverblik.dk/tilbud/mercedes-cla-250-advance-edition-shooting-brake-inkl-forsikring-15000-36.html
2026-10-09;Mercedes-Benz;CLA;350 4MATIC Advance Edition;459946;over;over;444691;15255;56512;41257;501203;6145;15000;36;ja;https://leasingoverblik.dk/tilbud/mercedes-cla-350-4matic-advance-edition-inkl-forsikring-15000-36.html
2026-10-09;Mercedes-Benz;CLA;350 4M Advance Edition Shooting Brake;469946;over;over;450941;19005;61012;42007;511953;6345;15000;36;ja;https://leasingoverblik.dk/tilbud/mercedes-cla-350-4m-advance-edition-shooting-brake-inkl-forsikring-15000-36.html
2026-10-09;Mercedes-Benz;GLB;250+ Advance Plus;419900;over;mellem;419662;238;38491;38253;458154;6145;15000;36;ja;https://leasingoverblik.dk/tilbud/mercedes-glb-250-advance-plus-inkl-forsikring-15000-36.html
2026-10-09;Mercedes-Benz;GLC;400 4MATIC Advance Plus;619900;over;over;544662;75238;128491;53253;673154;9123;15000;36;ja;https://leasingoverblik.dk/tilbud/mercedes-glc-400-4matic-advance-plus-inkl-forsikring-15000-36.html
2026-10-09;MG;MG Cyberster;Trophy;499999;over;over;469724;30275;74536;44261;544260;7923;15000;36;nej;https://leasingoverblik.dk/tilbud/mg-mg-cyberster-trophy-udb-54-995-15000-36.html
2026-10-09;MG;MG Cyberster;GT;549999;over;over;500974;49025;97036;48011;598010;8223;15000;36;nej;https://leasingoverblik.dk/tilbud/mg-mg-cyberster-gt-udb-54-995-15000-36.html
2026-10-09;MG;MG4 EV;Premium;219999;under;under;219999;0;0;0;219999;3828;15000;36;nej;https://leasingoverblik.dk/tilbud/mg-mg4-ev-premium-udb-29-995-15000-36.html
2026-10-09;MG;MG4 EV;XPOWER;249999;under;under;249999;0;0;0;249999;4128;15000;36;nej;https://leasingoverblik.dk/tilbud/mg-mg4-ev-xpower-udb-29-995-15000-36.html
2026-10-09;MG;MGS5 EV;Comfort;224999;under;under;224999;0;0;0;224999;3384;15000;36;nej;https://leasingoverblik.dk/tilbud/mg-mgs5-ev-comfort-udb-49-995-15000-36.html
2026-10-09;MG;MGS5 EV;Luxury;249999;under;under;249999;0;0;0;249999;3084;15000;36;nej;https://leasingoverblik.dk/tilbud/mg-mgs5-ev-luxury-udb-50-000-15000-36.html
2026-10-09;MG;MGS6 EV;Luxury;299999;under;under;299999;0;0;0;299999;4384;15000;36;nej;https://leasingoverblik.dk/tilbud/mg-mgs6-ev-luxury-udb-49-995-15000-36.html
2026-10-09;NIO;EL6;Long Range;429900;over;over;425912;3988;42991;39003;468904;5050;10000;36;nej;https://leasingoverblik.dk/tilbud/nio-el6-10000-36.html
2026-10-09;NIO;ET5 Touring;Long Range;399900;mellem;mellem;399900;0;24262;24262;424162;4550;10000;36;nej;https://leasingoverblik.dk/tilbud/nio-et5-touring-10000-36.html
2026-10-09;Nissan;Leaf;Engage 52 kWh;249900;under;under;249900;0;0;0;249900;2812;10000;48;nej;https://leasingoverblik.dk/tilbud/nissan-leaf-10000-48.html
2026-10-09;Nissan;Micra;Advance 40 kWh;210900;under;under;210900;0;0;0;210900;2707;10000;48;nej;https://leasingoverblik.dk/tilbud/nissan-micra-10000-48.html
2026-10-09;Peugeot;e-2008;GT · EL 156 / 54 kWh;234990;under;under;234990;0;0;0;234990;4433;10000;36;nej;https://leasingoverblik.dk/tilbud/peugeot-e-2008-gt-el-156-54-kwh-udb-14-995-10000-36.html
2026-10-09;Peugeot;e-208;GT Pack · EL 156 / 54 kWh;214990;under;under;214990;0;0;0;214990;4083;10000;36;nej;https://leasingoverblik.dk/tilbud/peugeot-e-208-gt-pack-el-156-54-kwh-udb-14-995-10000-36.html
2026-10-09;Peugeot;e-3008;GT · EL 210;304990;under;under;304990;0;0;0;304990;5250;10000;36;nej;https://leasingoverblik.dk/tilbud/peugeot-e-3008-gt-el-210-udb-29-995-10000-36.html
2026-10-09;Peugeot;e-3008;GT Pack · EL 210;314990;under;under;314990;0;0;0;314990;5350;10000;36;nej;https://leasingoverblik.dk/tilbud/peugeot-e-3008-gt-pack-el-210-udb-29-995-10000-36.html
2026-10-09;Peugeot;e-5008;GT Pack · EL 210;379990;mellem;mellem;379990;0;9927;9927;389917;5205;10000;36;nej;https://leasingoverblik.dk/tilbud/peugeot-e-5008-gt-pack-el-210-udb-49-995-10000-36.html
2026-10-09;Polestar;Polestar 4;Prime Edition Baghjulstræk;499900;over;over;469662;30238;74491;44253;544154;4037;10000;48;nej;https://leasingoverblik.dk/tilbud/polestar-polestar-4-prime-edition-baghjulstrk-10000-48.html
2026-10-09;Polestar;Polestar 4;Prime Edition Firehjulstræk;529900;over;over;488412;41488;87991;46503;576404;4287;10000;48;nej;https://leasingoverblik.dk/tilbud/polestar-polestar-4-prime-edition-firehjulstrk-10000-48.html
2026-10-09;Polestar;Polestar 4;Prime Edition Firehjulstræk Performance;579900;over;over;519662;60238;110491;50253;630154;4787;10000;48;nej;https://leasingoverblik.dk/tilbud/polestar-polestar-4-prime-edition-firehjulstrk-performance-10000-48.html
2026-10-09;Porsche;Macan;340 hk;729900;over;over;613412;116488;177991;61503;791404;11132;15000;48;nej;https://leasingoverblik.dk/tilbud/porsche-macan-340-hk-15000-48.html
2026-10-09;Renault;Renault 4;Evolution EV40;199990;under;under;199990;0;0;0;199990;3007;10000;48;nej;https://leasingoverblik.dk/tilbud/renault-renault-4-e-tech-electric-10000-48.html
2026-10-09;Renault;Renault 5;Evolution EV40;189990;under;under;189990;0;0;0;189990;2707;10000;48;nej;https://leasingoverblik.dk/tilbud/renault-renault-5-evolution-ev40-10000-48.html
2026-10-09;Renault;Twingo;Techno;156990;under;under;156990;0;0;0;156990;2507;10000;48;nej;https://leasingoverblik.dk/tilbud/renault-twingo-e-tech-electric-10000-48.html
2026-10-09;Skoda;Elroq;60 Selection 190 hk;275095;under;under;275095;0;0;0;275095;3842;15000;48;nej;https://leasingoverblik.dk/tilbud/skoda-elroq-60-selection-190-hk-15000-48.html
2026-10-09;Skoda;Enyaq;60 Selection 190 hk;305095;under;under;305095;0;0;0;305095;4368;15000;36;nej;https://leasingoverblik.dk/tilbud/skoda-enyaq-60-selection-190-hk-15000-36.html
2026-10-09;Skoda;Enyaq;85 Selection 286 hk;355095;under;under;355095;0;0;0;355095;4718;15000;36;nej;https://leasingoverblik.dk/tilbud/skoda-enyaq-85-selection-286-hk-udb-39-995-15000-36.html
2026-10-09;Skoda;Enyaq;85x Selection 4x4 299 hk;378095;mellem;mellem;378095;0;8563;8563;386658;5228;15000;36;nej;https://leasingoverblik.dk/tilbud/skoda-enyaq-85x-selection-4x4-299-hk-15000-36.html
2026-10-09;Skoda;Enyaq;85 Sportline 286 hk;412495;mellem;mellem;412495;0;33331;33331;445826;5338;15000;36;nej;https://leasingoverblik.dk/tilbud/skoda-enyaq-85-sportline-286-hk-udb-39-995-15000-36.html
2026-10-09;Skoda;Enyaq;RS 4x4 340 hk;463395;over;over;446847;16548;58064;41516;504911;5958;15000;36;nej;https://leasingoverblik.dk/tilbud/skoda-enyaq-rs-4x4-340-hk-15000-36.html
2026-10-09;Skoda;Enyaq Coupé;85 Selection 286 hk;365095;under;under;365095;0;0;0;365095;5328;15000;36;nej;https://leasingoverblik.dk/tilbud/skoda-enyaq-coupe-85-selection-286-hk-15000-36.html
2026-10-09;Skoda;Enyaq Coupé;85 Sportline 286 hk;429695;over;over;425784;3911;42899;38988;468684;5948;15000;36;nej;https://leasingoverblik.dk/tilbud/skoda-enyaq-coupe-85-sportline-286-hk-15000-36.html
2026-10-09;Skoda;Enyaq Coupé;RS 4x4 340 hk;479595;over;over;456972;22623;65354;42731;522326;6668;15000;36;nej;https://leasingoverblik.dk/tilbud/skoda-enyaq-coupe-rs-4x4-340-hk-15000-36.html
2026-10-09;Skoda;Epiq;55 Selection Intro Edition 211 hk;244995;under;under;244995;0;0;0;244995;3918;15000;48;nej;https://leasingoverblik.dk/tilbud/skoda-epiq-55-selection-intro-edition-211-hk-15000-48.html
2026-10-09;Skoda;Peaq;60 Selection 204 hk;340095;under;under;340095;0;0;0;340095;4987;15000;48;nej;https://leasingoverblik.dk/tilbud/skoda-peaq-60-selection-204-hk-udb-59-995-15000-48.html
2026-10-09;Skoda;Peaq;90 Selection 286 hk;438295;over;over;431159;7136;46769;39633;477929;5827;15000;48;nej;https://leasingoverblik.dk/tilbud/skoda-peaq-90-selection-286-hk-udb-59-995-15000-48.html
2026-10-09;Skoda;Peaq;90x Selection 299 hk;479595;over;over;456972;22623;65354;42731;522326;6437;15000;48;nej;https://leasingoverblik.dk/tilbud/skoda-peaq-90x-selection-299-hk-15000-48.html
2026-10-09;Skoda;Peaq;90 Sportline 286 hk;501095;over;over;470409;30686;75029;44343;545439;6637;15000;48;nej;https://leasingoverblik.dk/tilbud/skoda-peaq-90-sportline-286-hk-15000-48.html
2026-10-09;Skoda;Peaq;90x Sportline 299 hk;533295;over;over;490534;42761;89519;46758;580054;7247;15000;48;nej;https://leasingoverblik.dk/tilbud/skoda-peaq-90x-sportline-299-hk-15000-48.html
2026-10-09;Suzuki;e Vitara;active;246990;under;under;246990;0;0;0;246990;4082;10000;36;nej;https://leasingoverblik.dk/tilbud/suzuki-e-vitara-active-udb-19-995-10000-36.html
2026-10-09;Suzuki;e Vitara;adventure;266990;under;under;266990;0;0;0;266990;4532;10000;36;nej;https://leasingoverblik.dk/tilbud/suzuki-e-vitara-adventure-udb-19-995-10000-36.html
2026-10-09;Tesla;Model 3;Baghjulstræk;269990;under;under;269990;0;0;0;269990;3644;15000;36;nej;https://leasingoverblik.dk/tilbud/tesla-model-3-baghjulstrk-15000-36.html
2026-10-09;Tesla;Model 3;Premium Long Range baghjulstræk;339990;under;under;339990;0;0;0;339990;4344;15000;36;nej;https://leasingoverblik.dk/tilbud/tesla-model-3-premium-long-range-baghjulstrk-15000-36.html
2026-10-09;Tesla;Model 3;Premium Long Range Dual Motor firehjulstræk;359990;under;under;359990;0;0;0;359990;4844;15000;36;nej;https://leasingoverblik.dk/tilbud/tesla-model-3-premium-long-range-dual-motor-firehjulstrk-15000-36.html
2026-10-09;Tesla;Model 3;Performance Dual Motor firehjulstræk;469990;over;over;450969;19021;61032;42011;512001;7244;15000;36;nej;https://leasingoverblik.dk/tilbud/tesla-model-3-performance-dual-motor-firehjulstrk-15000-36.html
2026-10-09;Tesla;Model Y;Baghjulstræk;304990;under;under;304990;0;0;0;304990;4144;15000;36;nej;https://leasingoverblik.dk/tilbud/tesla-model-y-baghjulstrk-15000-36.html
2026-10-09;Tesla;Model Y;Premium Long Range baghjulstræk;364990;under;under;364990;0;0;0;364990;5644;15000;36;nej;https://leasingoverblik.dk/tilbud/tesla-model-y-premium-long-range-baghjulstrk-15000-36.html
2026-10-09;Tesla;Model Y;Premium Long Range Dual Motor firehjulstræk;404990;mellem;mellem;404990;0;27927;27927;432917;5344;15000;36;nej;https://leasingoverblik.dk/tilbud/tesla-model-y-premium-long-range-dual-motor-firehjulstrk-15000-36.html
2026-10-09;Tesla;Model Y;Performance Dual Motor firehjulstræk;494990;over;over;466594;28396;72282;43886;538876;8044;15000;36;nej;https://leasingoverblik.dk/tilbud/tesla-model-y-performance-dual-motor-firehjulstrk-15000-36.html
2026-10-09;Toyota;bZ4X;Active;299990;under;under;299990;0;0;0;299990;4010;15000;36;nej;https://leasingoverblik.dk/tilbud/toyota-bz4x-active-lav-ydelse-15000-36.html
2026-10-09;Toyota;bZ4X;Active Tech 73,1 kWh 224 hk;324990;under;under;324990;0;0;0;324990;4510;15000;36;nej;https://leasingoverblik.dk/tilbud/toyota-bz4x-active-tech-73-1-kwh-224-hk-lav-ydelse-15000-36.html
2026-10-09;Toyota;bZ4X;Active Tech 73,1 kWh 343 hk AWD;344990;under;under;344990;0;0;0;344990;4810;15000;36;nej;https://leasingoverblik.dk/tilbud/toyota-bz4x-active-tech-73-1-kwh-343-hk-awd-lav-ydelse-15000-36.html
2026-10-09;Toyota;bZ4X;Executive 73,1 kWh 224 hk;344990;under;under;344990;0;0;0;344990;5010;15000;36;nej;https://leasingoverblik.dk/tilbud/toyota-bz4x-executive-73-1-kwh-224-hk-lav-ydelse-15000-36.html
2026-10-09;Toyota;bZ4X;Executive 73,1 kWh 343 hk AWD;364990;under;under;364990;0;0;0;364990;5310;15000;36;nej;https://leasingoverblik.dk/tilbud/toyota-bz4x-executive-73-1-kwh-343-hk-awd-lav-ydelse-15000-36.html
2026-10-09;Toyota;bZ4X;Executive Panorama 73,1 kWh 224 hk;369990;mellem;mellem;369990;0;2727;2727;372717;5410;15000;36;nej;https://leasingoverblik.dk/tilbud/toyota-bz4x-executive-panorama-73-1-kwh-224-hk-lav-ydelse-15000-36.html
2026-10-09;Toyota;bZ4X;Executive Panorama 73,1 kWh 343 hk AWD;389990;mellem;mellem;389990;0;17127;17127;407117;5610;15000;36;nej;https://leasingoverblik.dk/tilbud/toyota-bz4x-executive-panorama-73-1-kwh-343-hk-awd-lav-ydelse-15000-36.html
2026-10-09;Toyota;bZ4X Touring;Active Tech;349990;under;under;349990;0;0;0;349990;5010;15000;36;nej;https://leasingoverblik.dk/tilbud/toyota-bz4x-touring-active-tech-lav-ydelse-15000-36.html
2026-10-09;Toyota;bZ4X Touring;Active Tech 4x4 280 kW 380 hk;369990;mellem;mellem;369990;0;2727;2727;372717;5510;15000;36;nej;https://leasingoverblik.dk/tilbud/toyota-bz4x-touring-active-tech-4x4-280-kw-380-hk-lav-ydelse-15000-36.html
2026-10-09;Toyota;bZ4X Touring;Executive 4x4 280 kW 380 hk;399990;mellem;mellem;399990;0;24327;24327;424317;6010;15000;36;nej;https://leasingoverblik.dk/tilbud/toyota-bz4x-touring-executive-4x4-280-kw-380-hk-lav-ydelse-15000-36.html
2026-10-09;Toyota;C-HR+;Active;299990;under;under;299990;0;0;0;299990;4010;15000;36;nej;https://leasingoverblik.dk/tilbud/toyota-c-hr-active-lav-ydelse-15000-36.html
2026-10-09;Toyota;C-HR+;Active 77 kWh 343 hk AWD;319990;under;under;319990;0;0;0;319990;3810;15000;36;nej;https://leasingoverblik.dk/tilbud/toyota-c-hr-active-77-kwh-343-hk-awd-lav-ydelse-15000-36.html
2026-10-09;Toyota;C-HR+;Executive 77 kWh 343 hk AWD;349990;under;under;349990;0;0;0;349990;4310;15000;36;nej;https://leasingoverblik.dk/tilbud/toyota-c-hr-executive-77-kwh-343-hk-awd-lav-ydelse-15000-36.html
2026-10-09;Toyota;C-HR+;Executive Panorama 77 kWh 343 hk AWD;359990;under;under;359990;0;0;0;359990;4410;15000;36;nej;https://leasingoverblik.dk/tilbud/toyota-c-hr-executive-panorama-77-kwh-343-hk-awd-lav-ydelse-15000-36.html
2026-10-09;Toyota;Urban Cruiser;Active;249990;under;under;249990;0;0;0;249990;3010;15000;36;nej;https://leasingoverblik.dk/tilbud/toyota-urban-cruiser-active-lav-ydelse-15000-36.html
2026-10-09;Toyota;Urban Cruiser;Active AWD;259990;under;under;259990;0;0;0;259990;3210;15000;36;nej;https://leasingoverblik.dk/tilbud/toyota-urban-cruiser-active-awd-lav-ydelse-15000-36.html
2026-10-09;Toyota;Urban Cruiser;Executive;269990;under;under;269990;0;0;0;269990;3510;15000;36;nej;https://leasingoverblik.dk/tilbud/toyota-urban-cruiser-executive-lav-ydelse-15000-36.html
2026-10-09;Toyota;Urban Cruiser;Executive AWD;279990;under;under;279990;0;0;0;279990;3710;15000;36;nej;https://leasingoverblik.dk/tilbud/toyota-urban-cruiser-executive-awd-lav-ydelse-15000-36.html
2026-10-09;Volkswagen;ID. Buzz Kort;Life 286 hk;379995;mellem;mellem;379995;0;9931;9931;389926;4295;15000;48;nej;https://leasingoverblik.dk/tilbud/vw-id-buzz-kort-life-286-hk-15000-48.html
2026-10-09;Volkswagen;ID. Buzz Kort;Style 286 hk;449995;over;over;438472;11523;52034;40511;490506;5295;15000;48;nej;https://leasingoverblik.dk/tilbud/vw-id-buzz-kort-style-286-hk-15000-48.html
2026-10-09;Volkswagen;ID. Buzz Lang;Life 286 hk;409995;mellem;mellem;409995;0;31531;31531;441526;4695;15000;48;nej;https://leasingoverblik.dk/tilbud/vw-id-buzz-lang-life-286-hk-15000-48.html
2026-10-09;Volkswagen;ID. Buzz Lang;Style 286 hk;489995;over;over;463472;26523;70034;43511;533506;5745;15000;48;nej;https://leasingoverblik.dk/tilbud/vw-id-buzz-lang-style-286-hk-15000-48.html
2026-10-09;Volkswagen;ID. Cross;Trend 116 hk;209995;under;under;209995;0;0;0;209995;3220;15000;48;nej;https://leasingoverblik.dk/tilbud/vw-id-cross-trend-116-hk-15000-48.html
2026-10-09;Volkswagen;ID. Cross;Life 211 hk;249995;under;under;249995;0;0;0;249995;3720;15000;48;nej;https://leasingoverblik.dk/tilbud/vw-id-cross-life-211-hk-15000-48.html
2026-10-09;Volkswagen;ID. Cross;Life Launch Edition 211 hk;259995;under;under;259995;0;0;0;259995;4020;15000;48;nej;https://leasingoverblik.dk/tilbud/vw-id-cross-life-launch-edition-211-hk-15000-48.html
2026-10-09;Volkswagen;ID. Cross;Style 211 hk;269995;under;under;269995;0;0;0;269995;3920;15000;48;nej;https://leasingoverblik.dk/tilbud/vw-id-cross-style-211-hk-udb-15-000-15000-48.html
2026-10-09;Volkswagen;ID. Cross;Style Launch Edition 211 hk;279995;under;under;279995;0;0;0;279995;4220;15000;48;nej;https://leasingoverblik.dk/tilbud/vw-id-cross-style-launch-edition-211-hk-15000-48.html
2026-10-09;Volkswagen;ID. Polo;Trend 116 hk;189995;under;under;189995;0;0;0;189995;3020;15000;48;nej;https://leasingoverblik.dk/tilbud/vw-id-polo-trend-116-hk-udb-15-000-15000-48.html
2026-10-09;Volkswagen;ID. Polo;Life 116 hk;199995;under;under;199995;0;0;0;199995;3120;15000;48;nej;https://leasingoverblik.dk/tilbud/vw-id-polo-life-116-hk-15000-48.html
2026-10-09;Volkswagen;ID. Polo;Life 135 hk;204995;under;under;204995;0;0;0;204995;3220;15000;48;nej;https://leasingoverblik.dk/tilbud/vw-id-polo-life-135-hk-udb-15-000-15000-48.html
2026-10-09;Volkswagen;ID. Polo;Style 135 hk;224995;under;under;224995;0;0;0;224995;3420;15000;48;nej;https://leasingoverblik.dk/tilbud/vw-id-polo-style-135-hk-15000-48.html
2026-10-09;Volkswagen;ID. Polo;Life 211 hk;229995;under;under;229995;0;0;0;229995;3520;15000;48;nej;https://leasingoverblik.dk/tilbud/vw-id-polo-life-211-hk-udb-15-000-15000-48.html
2026-10-09;Volkswagen;ID. Polo;Style 211 hk;249995;under;under;249995;0;0;0;249995;3720;15000;48;nej;https://leasingoverblik.dk/tilbud/vw-id-polo-style-211-hk-udb-15-000-15000-48.html
2026-10-09;Volkswagen;ID. Polo;Style Launch Edition 211 hk;269995;under;under;269995;0;0;0;269995;3820;15000;48;nej;https://leasingoverblik.dk/tilbud/vw-id-polo-style-launch-edition-211-hk-udb-15-000-15000-48.html
2026-10-09;Volkswagen;ID.3 Neo;Trend 170 hk;249995;under;under;249995;0;0;0;249995;3132;15000;48;nej;https://leasingoverblik.dk/tilbud/vw-id-3-neo-trend-170-hk-15000-48.html
2026-10-09;Volkswagen;ID.3 Neo;Life 170 hk;264995;under;under;264995;0;0;0;264995;3332;15000;48;nej;https://leasingoverblik.dk/tilbud/vw-id-3-neo-life-170-hk-15000-48.html
2026-10-09;Volkswagen;ID.3 Neo;Life 190 hk;284995;under;under;284995;0;0;0;284995;3532;15000;48;nej;https://leasingoverblik.dk/tilbud/vw-id-3-neo-life-190-hk-udb-30-000-15000-48.html
2026-10-09;Volkswagen;ID.3 Neo;Style 190 hk;309995;under;under;309995;0;0;0;309995;3932;15000;48;nej;https://leasingoverblik.dk/tilbud/vw-id-3-neo-style-190-hk-15000-48.html
2026-10-09;Volkswagen;ID.3 Neo;Life 231 hk;314995;under;under;314995;0;0;0;314995;3932;15000;48;nej;https://leasingoverblik.dk/tilbud/vw-id-3-neo-life-231-hk-udb-30-000-15000-48.html
2026-10-09;Volkswagen;ID.3 Neo;Style 231 hk;334995;under;under;334995;0;0;0;334995;4332;15000;48;nej;https://leasingoverblik.dk/tilbud/vw-id-3-neo-style-231-hk-udb-30-000-15000-48.html
2026-10-09;Volkswagen;ID.4;Move 286 hk;339995;under;under;339995;0;0;0;339995;4045;15000;48;nej;https://leasingoverblik.dk/tilbud/vw-id-4-move-286-hk-udb-45-000-15000-48.html
2026-10-09;Volkswagen;ID.4;Style 286 hk;379995;mellem;mellem;379995;0;9931;9931;389926;4345;15000;48;nej;https://leasingoverblik.dk/tilbud/vw-id-4-style-286-hk-udb-45-000-15000-48.html
2026-10-09;Volkswagen;ID.4;Style Edition 286 hk;379995;mellem;mellem;379995;0;9931;9931;389926;4645;15000;48;nej;https://leasingoverblik.dk/tilbud/vw-id-4-style-edition-286-hk-udb-45-000-15000-48.html
2026-10-09;Volkswagen;ID.5;Style 286 hk;384995;mellem;mellem;384995;0;13531;13531;398526;4345;15000;48;nej;https://leasingoverblik.dk/tilbud/vw-id-5-style-286-hk-udb-45-000-15000-48.html
2026-10-09;Volkswagen;ID.5;Style Edition 286 hk;384995;mellem;mellem;384995;0;13531;13531;398526;4645;15000;48;nej;https://leasingoverblik.dk/tilbud/vw-id-5-style-edition-286-hk-udb-45-000-15000-48.html
2026-10-09;Volkswagen;ID.7 Tourer;Style S 286 hk;469995;over;over;450972;19023;61034;42011;512006;5758;15000;48;nej;https://leasingoverblik.dk/tilbud/vw-id-7-tourer-style-s-286-hk-15000-48.html
2026-10-09;Volvo;EX30;Plus P5 Long Range;278900;under;under;278900;0;0;0;278900;3628;15000;48;nej;https://leasingoverblik.dk/tilbud/volvo-ex30-plus-p5-long-range-lav-ydelse-15000-48.html
2026-10-09;Volvo;EX30;Plus Cross Country P5 Long Range;293900;under;under;293900;0;0;0;293900;3728;15000;48;nej;https://leasingoverblik.dk/tilbud/volvo-ex30-plus-cross-country-p5-long-range-lav-ydelse-15000-48.html
2026-10-09;Volvo;EX30;Black Edition P5 Long Range;298900;under;under;298900;0;0;0;298900;3928;15000;48;nej;https://leasingoverblik.dk/tilbud/volvo-ex30-black-edition-p5-long-range-lav-ydelse-15000-48.html
2026-10-09;Volvo;EX30;Ultra P5 Long Range;298900;under;under;298900;0;0;0;298900;3928;15000;48;nej;https://leasingoverblik.dk/tilbud/volvo-ex30-ultra-p5-long-range-lav-ydelse-15000-48.html
2026-10-09;Volvo;EX30;Ultra Cross Country P5 Long Range;313900;under;under;313900;0;0;0;313900;4137;15000;48;nej;https://leasingoverblik.dk/tilbud/volvo-ex30-ultra-cross-country-p5-long-range-lav-ydelse-15000-48.html
2026-10-09;Volvo;EX30;Black Edition P8 AWD;318900;under;under;318900;0;0;0;318900;4037;15000;48;nej;https://leasingoverblik.dk/tilbud/volvo-ex30-black-edition-p8-awd-lav-ydelse-15000-48.html
2026-10-09;Volvo;EX30;Ultra Cross Country P8 AWD;333900;under;under;333900;0;0;0;333900;4337;15000;48;nej;https://leasingoverblik.dk/tilbud/volvo-ex30-ultra-cross-country-p8-awd-lav-ydelse-15000-48.html
2026-10-09;Volvo;EX40;Black Edition P5 Long Range;379900;mellem;mellem;379900;0;9862;9862;389762;5216;15000;48;nej;https://leasingoverblik.dk/tilbud/volvo-ex40-black-edition-p5-long-range-15000-48.html
2026-10-09;Volvo;EX40;Ultra P5 Long Range;379900;mellem;mellem;379900;0;9862;9862;389762;5216;15000;48;nej;https://leasingoverblik.dk/tilbud/volvo-ex40-ultra-p5-long-range-15000-48.html
2026-10-09;Volvo;EX40;Black Edition P8 AWD;423900;over;over;422162;1738;40291;38553;462454;5920;15000;48;nej;https://leasingoverblik.dk/tilbud/volvo-ex40-black-edition-p8-awd-15000-48.html
2026-10-09;Volvo;EX40;Ultra P8 AWD;423900;over;over;422162;1738;40291;38553;462454;5920;15000;48;nej;https://leasingoverblik.dk/tilbud/volvo-ex40-ultra-p8-awd-15000-48.html
2026-10-09;XPENG;G6;RWD Standard Range;299900;under;under;299900;0;0;0;299900;5050;15000;36;nej;https://leasingoverblik.dk/tilbud/xpeng-g6-rwd-standard-range-15000-36.html
2026-10-09;XPENG;G6;RWD Long Range;349900;under;under;349900;0;0;0;349900;5550;15000;36;nej;https://leasingoverblik.dk/tilbud/xpeng-g6-rwd-long-range-15000-36.html
2026-10-09;XPENG;G6;AWD Performance;379900;mellem;mellem;379900;0;9862;9862;389762;6050;15000;36;nej;https://leasingoverblik.dk/tilbud/xpeng-g6-awd-performance-15000-36.html
2026-10-09;XPENG;G9;RWD Standard Range;499900;over;over;469662;30238;74491;44253;544154;6967;15000;36;nej;https://leasingoverblik.dk/tilbud/xpeng-g9-rwd-standard-range-15000-36.html
2026-10-09;XPENG;G9;RWD Long Range;579900;over;over;519662;60238;110491;50253;630154;8467;15000;36;nej;https://leasingoverblik.dk/tilbud/xpeng-g9-rwd-long-range-15000-36.html
2026-10-09;XPENG;G9;AWD Performance;629900;over;over;550912;78988;132991;54003;683904;9067;15000;36;nej;https://leasingoverblik.dk/tilbud/xpeng-g9-awd-performance-15000-36.html
2026-10-09;XPENG;G9;AWD Performance Black Edition;645740;over;over;560812;84928;140119;55191;700932;9351;15000;36;nej;https://leasingoverblik.dk/tilbud/xpeng-g9-awd-performance-black-edition-15000-36.html
2026-10-09;XPENG;L03;RWD Standard Range;239995;under;under;239995;0;0;0;239995;3241;10000;48;nej;https://leasingoverblik.dk/tilbud/xpeng-l03-rwd-standard-range-10000-48.html
2026-10-09;XPENG;L03;RWD Long Range;269995;under;under;269995;0;0;0;269995;3641;10000;48;nej;https://leasingoverblik.dk/tilbud/xpeng-l03-rwd-long-range-10000-48.html
2026-10-09;XPENG;L03;AWD Performance;299995;under;under;299995;0;0;0;299995;4241;10000;48;nej;https://leasingoverblik.dk/tilbud/xpeng-l03-awd-performance-10000-48.html
2026-10-09;XPENG;L03;AWD Performance Ultra;329995;under;under;329995;0;0;0;329995;5041;10000;48;nej;https://leasingoverblik.dk/tilbud/xpeng-l03-awd-performance-ultra-10000-48.html
2026-10-09;XPENG;P7+;RWD Long Range;359995;under;under;359995;0;0;0;359995;4537;10000;48;nej;https://leasingoverblik.dk/tilbud/xpeng-p7-rwd-long-range-10000-48.html
2026-10-09;XPENG;P7+;AWD Performance;389995;mellem;mellem;389995;0;17131;17131;407126;4887;10000;48;nej;https://leasingoverblik.dk/tilbud/xpeng-p7-awd-performance-10000-48.html
2026-10-09;Zeekr;001;Long Range RWD;454900;over;over;441538;13362;54241;40879;495779;4763;10000;48;nej;https://leasingoverblik.dk/tilbud/zeekr-001-long-range-rwd-10000-48.html
2026-10-09;Zeekr;7GT;Core;324900;under;under;324900;0;0;0;324900;4463;10000;48;nej;https://leasingoverblik.dk/tilbud/zeekr-7gt-core-10000-48.html
2026-10-09;Zeekr;7X;Long Range RWD;439900;over;over;432162;7738;47491;39753;479654;4963;10000;48;nej;https://leasingoverblik.dk/tilbud/zeekr-7x-long-range-rwd-10000-48.html
2026-10-09;Zeekr;Zeekr X;Long Range;329900;under;under;329900;0;0;0;329900;3463;10000;48;nej;https://leasingoverblik.dk/tilbud/zeekr-zeekr-x-long-range-10000-48.html
