dato;indeks
2026-07-19;100,0
2026-07-20;100,0
2026-07-21;100,0
2026-07-22;99,86
2026-07-23;99,86
2026-07-24;99,86
2026-07-25;99,86
2026-07-26;99,86
2026-07-27;99,86
2026-07-28;99,86
2026-07-29;99,86
2026-07-30;99,86
2026-07-31;99,86
2026-08-01;99,86
2026-08-02;99,86
2026-08-03;99,86
2026-08-04;100,23
2026-08-05;100,23
2026-08-06;100,23
2026-08-07;100,23
2026-08-08;100,23
2026-08-09;100,23
2026-08-10;100,23
2026-08-11;100,23
2026-08-12;100,23
2026-08-13;100,23
2026-08-14;100,19
2026-08-15;100,19
2026-08-16;100,19
2026-08-17;100,19
2026-08-18;100,19
2026-08-19;100,19
2026-08-20;100,19
2026-08-21;100,09
2026-08-22;100,09
2026-08-23;100,09
2026-08-24;100,09
2026-08-25;100,09
2026-08-26;100,09
2026-08-27;100,09
2026-08-28;100,09
2026-08-29;100,09
2026-08-30;100,09
2026-08-31;100,09
2026-09-01;100,09
2026-09-02;100,09
2026-09-03;100,09
2026-09-04;100,09
2026-09-05;100,09
2026-09-06;100,09
2026-09-07;100,09
2026-09-08;100,09
2026-09-09;100,09
2026-09-10;100,09
2026-09-11;99,96
2026-09-12;99,96
2026-09-13;99,96
2026-09-14;99,96
2026-09-15;99,96
2026-09-16;99,96
2026-09-17;99,96
2026-09-18;99,96
2026-09-19;99,96
2026-09-20;99,96
2026-09-21;99,95
2026-09-22;99,94
2026-09-23;99,94
2026-09-24;99,93
2026-09-25;99,93
2026-09-26;99,93
2026-09-27;99,93
2026-09-28;99,93
2026-09-29;99,93
2026-09-30;99,93
2026-10-01;99,93
2026-10-02;99,64
2026-10-03;99,64
2026-10-04;99,64
2026-10-05;99,64
2026-10-06;99,64
2026-10-07;99,64
2026-10-08;99,57
2026-10-09;99,57
