dato;maerke;model;variant;biltype;drivmiddel;km_pr_aar;loebetid_mdr;annonceret_ydelse_kr;foerstegangsydelse_kr;totalpris_kr;gns_maanedspris_kr;nypris_kr;aarlig_pris_pct_af_nypris;pris_36_mdr_pct_af_nypris;totalpris_pct_af_nypris;karakter;tillaeg_ift_annonceret_ydelse_pct;i_standardkurven;ydelse_inkl_forsikring;url
2026-10-09;BYD;Dolphin Surf;Boost · lav ydelse;minibil;el;15000;48;2145;19995;124755;2599;174995;17,8;53,5;71,3;C;21,2;ja;nej;https://leasingoverblik.dk/tilbud/byd-dolphin-surf-boost-lav-ydelse-15000-48.html
2026-10-09;Cupra;Raval;Plus 135 hk;minibil;el;15000;48;2475;14995;134395;2800;199990;16,8;50,4;67,2;C;13,1;ja;nej;https://leasingoverblik.dk/tilbud/cupra-raval-plus-135-hk-udb-14-995-15000-48.html
2026-10-09;Toyota;Urban Cruiser;Active · lav ydelse;suv;el;15000;36;1899;39999;108363;3010;249990;14,4;43,3;43,3;B;58,5;ja;nej;https://leasingoverblik.dk/tilbud/toyota-urban-cruiser-active-lav-ydelse-15000-36.html
2026-10-09;Volkswagen;ID. Polo;Trend 116 hk;minibil;el;15000;48;2695;15000;144960;3020;189995;19,1;57,2;76,3;D;12,1;ja;nej;https://leasingoverblik.dk/tilbud/vw-id-polo-trend-116-hk-udb-15-000-15000-48.html
2026-10-09;MG;MGS5 EV;Luxury;suv;el;15000;36;1695;50000;111020;3084;249999;14,8;44,4;44,4;B;81,9;ja;nej;https://leasingoverblik.dk/tilbud/mg-mgs5-ev-luxury-udb-50-000-15000-36.html
2026-10-09;Kia;EV2;Access 147 hk;minibil;el;15000;48;2495;29995;149755;3120;184999;20,2;60,7;80,9;E;25,1;ja;nej;https://leasingoverblik.dk/tilbud/kia-ev2-access-147-hk-15000-48.html
2026-10-09;Volkswagen;ID.3 Neo;Trend 170 hk;kompakt;el;15000;48;2495;30000;150360;3132;249995;15,0;45,1;60,1;C;25,5;ja;nej;https://leasingoverblik.dk/tilbud/vw-id-3-neo-trend-170-hk-15000-48.html
2026-10-09;Hyundai;Kona Electric;Essential 48.4 kWh 156 hk;suv;el;15000;36;2295;29995;113395;3150;219995;17,2;51,5;51,5;C;37,3;ja;nej;https://leasingoverblik.dk/tilbud/hyundai-kona-electric-essential-48-4-kwh-156-hk-udb-29-995-15000-36.html
2026-10-09;Volkswagen;ID. Cross;Trend 116 hk;suv;el;15000;48;2895;15000;154560;3220;209995;18,4;55,2;73,6;D;11,2;ja;nej;https://leasingoverblik.dk/tilbud/vw-id-cross-trend-116-hk-15000-48.html
2026-10-09;Hyundai;Inster;Essential 42 kWh 97 hk;minibil;el;15000;36;2595;29995;124195;3450;174995;23,7;71,0;71,0;E;32,9;ja;nej;https://leasingoverblik.dk/tilbud/hyundai-inster-essential-42-kwh-97-hk-15000-36.html
2026-10-09;BYD;Dolphin;Comfort · lav ydelse;kompakt;el;15000;48;3045;19995;167955;3499;214995;19,5;58,6;78,1;D;14,9;ja;nej;https://leasingoverblik.dk/tilbud/byd-dolphin-comfort-lav-ydelse-15000-48.html
2026-10-09;Mazda;2 Hybrid;1.5 Hybrid VVT-i (116 hk) CVT aut. Prime-Line;minibil;hybrid;15000;48;3195;14995;168955;3520;223990;18,9;56,6;75,4;D;10,2;ja;nej;https://leasingoverblik.dk/tilbud/mazda-2-hybrid-1-5-hybrid-vvt-i-116-hk-cvt-aut-prime-line-udb-14-995-15000-48.html
2026-10-09;Kia;EV6;Prestige Long Range 229 hk;suv;el;15000;48;2295;59995;170155;3545;334999;12,7;38,1;50,8;B;54,5;ja;nej;https://leasingoverblik.dk/tilbud/kia-ev6-prestige-long-range-229-hk-15000-48.html
2026-10-09;Cupra;Tavascan;Plus 190 hk;suv;el;15000;48;2740;39995;172115;3586;299990;14,3;43,0;57,4;B;30,9;ja;nej;https://leasingoverblik.dk/tilbud/cupra-tavascan-plus-190-hk-udb-39-995-15000-48.html
2026-10-09;Volvo;EX30;Plus P5 Long Range · lav ydelse;suv;el;15000;48;2795;39995;174155;3628;278900;15,6;46,8;62,4;C;29,8;ja;nej;https://leasingoverblik.dk/tilbud/volvo-ex30-plus-p5-long-range-lav-ydelse-15000-48.html
2026-10-09;Cupra;Born;190 hk;kompakt;el;15000;48;2995;29995;174355;3632;249990;17,4;52,3;69,7;C;21,3;ja;nej;https://leasingoverblik.dk/tilbud/cupra-born-190-hk-udb-29-995-15000-48.html
2026-10-09;Tesla;Model 3;Baghjulstræk;mellemklasse;el;15000;36;3045;20000;131170;3644;269990;16,2;48,6;48,6;C;19,7;ja;nej;https://leasingoverblik.dk/tilbud/tesla-model-3-baghjulstrk-15000-36.html
2026-10-09;MINI;Aceman;E;kompakt;el;15000;36;3119;15000;133179;3699;;;;;;18,6;ja;nej;https://leasingoverblik.dk/tilbud/mini-aceman-e-15000-36.html
2026-10-09;MINI;Cooper;E;minibil;el;15000;36;3151;15000;134331;3731;;;;;;18,4;ja;nej;https://leasingoverblik.dk/tilbud/mini-cooper-e-15000-36.html
2026-10-09;Toyota;Aygo X;Play;minibil;benzin;15000;36;3599;4999;134563;3738;199990;22,4;67,3;67,3;E;3,9;ja;nej;https://leasingoverblik.dk/tilbud/toyota-aygo-x-play-15000-36.html
2026-10-09;Toyota;Yaris;Active;minibil;hybrid;15000;36;3599;4999;134563;3738;233990;19,2;57,5;57,5;D;3,9;ja;nej;https://leasingoverblik.dk/tilbud/toyota-yaris-active-15000-36.html
2026-10-09;Kia;EV3;Access 204 hk;suv;el;15000;48;2495;59995;179755;3745;249999;18,0;53,9;71,9;D;50,1;ja;nej;https://leasingoverblik.dk/tilbud/kia-ev3-access-204-hk-udb-59-995-15000-48.html
2026-10-09;Toyota;C-HR+;Active 77 kWh 343 hk AWD · lav ydelse;suv;el;15000;36;2699;39999;137163;3810;319990;14,3;42,9;42,9;B;41,2;ja;nej;https://leasingoverblik.dk/tilbud/toyota-c-hr-active-77-kwh-343-hk-awd-lav-ydelse-15000-36.html
2026-10-09;MG;MG4 EV;Premium;kompakt;el;15000;36;2995;29995;137815;3828;219999;20,9;62,6;62,6;E;27,8;ja;nej;https://leasingoverblik.dk/tilbud/mg-mg4-ev-premium-udb-29-995-15000-36.html
2026-10-09;Skoda;Elroq;60 Selection 190 hk;suv;el;15000;48;3100;34995;184395;3842;275095;16,8;50,3;67,0;C;23,9;ja;nej;https://leasingoverblik.dk/tilbud/skoda-elroq-60-selection-190-hk-15000-48.html
2026-10-09;Skoda;Epiq;55 Selection Intro Edition 211 hk;minibil;el;15000;48;3385;24995;188075;3918;244995;19,2;57,6;76,8;D;15,7;ja;nej;https://leasingoverblik.dk/tilbud/skoda-epiq-55-selection-intro-edition-211-hk-15000-48.html
2026-10-09;Kia;EV4;Prestige 204 hk;mellemklasse;el;15000;48;2895;49995;188955;3937;309999;15,2;45,7;61,0;C;36,0;ja;nej;https://leasingoverblik.dk/tilbud/kia-ev4-prestige-204-hk-15000-48.html
2026-10-09;Toyota;bZ4X;Active · lav ydelse;suv;el;15000;36;2899;39999;144363;4010;299990;16,0;48,1;48,1;C;38,3;ja;nej;https://leasingoverblik.dk/tilbud/toyota-bz4x-active-lav-ydelse-15000-36.html
2026-10-09;Honda;Jazz;;minibil;hybrid;15000;36;3595;14995;144415;4012;259900;18,5;55,6;55,6;D;11,6;ja;nej;https://leasingoverblik.dk/tilbud/honda-jazz-15000-36.html
2026-10-09;Kia;PV5 Passenger;Prestige 163 hk;stor-suv;el;15000;48;3395;29995;192955;4020;324999;14,8;44,5;59,4;B;18,4;ja;nej;https://leasingoverblik.dk/tilbud/kia-pv5-passenger-prestige-163-hk-udb-29-995-15000-48.html
2026-10-09;Volkswagen;ID.4;Move 286 hk;suv;el;15000;48;3095;45000;194160;4045;339995;14,3;42,8;57,1;B;30,7;ja;nej;https://leasingoverblik.dk/tilbud/vw-id-4-move-286-hk-udb-45-000-15000-48.html
2026-10-09;Skoda;Kamiq;Monte Carlo 1.0 TSI DSG7 115 hk;suv;benzin;15000;12;3205;9995;49055;4088;374995;13,1;39,2;13,1;B;27,6;ja;nej;https://leasingoverblik.dk/tilbud/skoda-kamiq-monte-carlo-1-0-tsi-dsg7-115-hk-udb-9-995-15000-12.html
2026-10-09;BYD;Atto 2;Comfort · lav ydelse;suv;el;15000;48;3645;19995;196755;4099;244995;20,1;60,2;80,3;E;12,5;ja;nej;https://leasingoverblik.dk/tilbud/byd-atto-2-comfort-lav-ydelse-15000-48.html
2026-10-09;Tesla;Model Y;Baghjulstræk;suv;el;15000;36;3545;20000;149170;4144;304990;16,3;48,9;48,9;C;16,9;ja;nej;https://leasingoverblik.dk/tilbud/tesla-model-y-baghjulstrk-15000-36.html
2026-10-09;Volkswagen;T-Roc;R-Line 1.5 eTSI Mild hybrid DSG7 150 hk;suv;hybrid;15000;12;3295;10000;50140;4178;474995;10,6;31,7;10,6;A;26,8;ja;nej;https://leasingoverblik.dk/tilbud/vw-t-roc-r-line-1-5-etsi-mild-hybrid-dsg7-150-hk-15000-12.html
2026-10-09;BYD;Seal U;Design · lav ydelse;suv;el;15000;48;3345;39995;202355;4216;299995;16,9;50,6;67,5;C;26,0;ja;nej;https://leasingoverblik.dk/tilbud/byd-seal-u-design-lav-ydelse-15000-48.html
2026-10-09;Hyundai;Ioniq 5;RWD Essential 63 kWh 170 hk;suv;el;15000;48;3195;49995;204355;4257;279995;18,2;54,7;73,0;D;33,2;ja;nej;https://leasingoverblik.dk/tilbud/hyundai-ioniq-5-rwd-essential-63-kwh-170-hk-15000-48.html
2026-10-09;Volkswagen;ID. Buzz Kort;Life 286 hk;stor-suv;el;15000;48;3345;45000;206160;4295;379995;13,6;40,7;54,3;B;28,4;ja;nej;https://leasingoverblik.dk/tilbud/vw-id-buzz-kort-life-286-hk-15000-48.html
2026-10-09;Skoda;Scala;Selection 1.0 TSI DSG7 115 hk;kompakt;benzin;15000;36;3865;14995;154735;4298;292995;17,6;52,8;52,8;C;11,2;ja;nej;https://leasingoverblik.dk/tilbud/skoda-scala-selection-1-0-tsi-dsg7-115-hk-15000-36.html
2026-10-09;BYD;Atto 3 EVO;Design · lav ydelse;suv;el;15000;48;3445;39995;207155;4316;279995;18,5;55,5;74,0;D;25,3;ja;nej;https://leasingoverblik.dk/tilbud/byd-atto-3-evo-design-lav-ydelse-15000-48.html
2026-10-09;Mazda;3 Hatchback;2.5 E-Skyactiv G 140 hk 6-trins aut. Nagisa;kompakt;benzin;15000;48;3995;14995;207355;4320;314700;16,5;49,4;65,9;C;8,1;ja;nej;https://leasingoverblik.dk/tilbud/mazda-3-hatchback-2-5-e-skyactiv-g-140-hk-6-trins-aut-nagisa-udb-14-995-15000-48.html
2026-10-09;Volkswagen;ID.5;Style 286 hk;suv;el;15000;48;3395;45000;208560;4345;384995;13,5;40,6;54,2;B;28,0;ja;nej;https://leasingoverblik.dk/tilbud/vw-id-5-style-286-hk-udb-45-000-15000-48.html
2026-10-09;Skoda;Enyaq;60 Selection 190 hk;suv;el;15000;36;3240;39995;157235;4368;305095;17,2;51,5;51,5;C;34,8;ja;nej;https://leasingoverblik.dk/tilbud/skoda-enyaq-60-selection-190-hk-15000-36.html
2026-10-09;MG;MGS6 EV;Luxury;suv;el;15000;36;2995;49995;157815;4384;299999;17,5;52,6;52,6;C;46,4;ja;nej;https://leasingoverblik.dk/tilbud/mg-mgs6-ev-luxury-udb-49-995-15000-36.html
2026-10-09;Toyota;Yaris Cross;Style;suv;hybrid;15000;36;4249;4999;157963;4388;309990;17,0;51,0;51,0;C;3,3;ja;nej;https://leasingoverblik.dk/tilbud/toyota-yaris-cross-style-15000-36.html
2026-10-09;Honda;HR-V;;suv;hybrid;15000;36;3995;14995;158815;4412;299900;17,7;53,0;53,0;C;10,4;ja;nej;https://leasingoverblik.dk/tilbud/honda-hr-v-15000-36.html
2026-10-09;Mazda;CX-30;2.5 E-Skyactiv G 140 hk 6-trins aut. Homura;suv;benzin;15000;48;3995;19995;212355;4424;333500;15,9;47,8;63,7;C;10,7;ja;nej;https://leasingoverblik.dk/tilbud/mazda-cx-30-2-5-e-skyactiv-g-140-hk-6-trins-aut-homura-udb-19-995-15000-48.html
2026-10-09;BYD;Sealion 7;Comfort · lav ydelse;suv;el;15000;48;3645;39995;216755;4516;329995;16,4;49,3;65,7;C;23,9;ja;nej;https://leasingoverblik.dk/tilbud/byd-sealion-7-comfort-lav-ydelse-15000-48.html
2026-10-09;BMW;iX1;eDrive20 M Sport;suv;el;15000;48;3995;20000;217955;4541;369900;14,7;44,2;58,9;B;13,7;ja;nej;https://leasingoverblik.dk/tilbud/bmw-ix1-edrive20-m-sport-15000-48.html
2026-10-09;MINI;Countryman;E;suv;el;15000;36;4008;15000;165183;4588;;;;;;14,5;ja;nej;https://leasingoverblik.dk/tilbud/mini-countryman-e-15000-36.html
2026-10-09;BYD;Seal;Design · lav ydelse;mellemklasse;el;15000;48;3745;39995;221555;4616;319995;17,3;51,9;69,2;C;23,3;ja;nej;https://leasingoverblik.dk/tilbud/byd-seal-design-lav-ydelse-15000-48.html
2026-10-09;Volkswagen;ID. Buzz Lang;Life 286 hk;stor-suv;el;15000;48;3745;45000;225360;4695;409995;13,7;41,2;55,0;B;25,4;ja;nej;https://leasingoverblik.dk/tilbud/vw-id-buzz-lang-life-286-hk-15000-48.html
2026-10-09;BMW;iX2;eDrive20 M Sport;suv;el;15000;48;4195;20000;227555;4741;379900;15,0;44,9;59,9;C;13,0;ja;nej;https://leasingoverblik.dk/tilbud/bmw-ix2-edrive20-m-sport-15000-48.html
2026-10-09;Kia;EV5;Upgrade 217 hk;suv;el;15000;48;3495;59995;227755;4745;349999;16,3;48,8;65,1;C;35,8;ja;nej;https://leasingoverblik.dk/tilbud/kia-ev5-upgrade-217-hk-15000-48.html
2026-10-09;Lexus;RZ;350e Executive;suv;el;15000;48;4499;19999;235951;4916;399500;14,8;44,3;59,1;B;9,3;ja;nej;https://leasingoverblik.dk/tilbud/lexus-rz-350e-executive-15000-48.html
2026-10-09;Audi;Q4 e-tron;performance 286 hk;suv;el;15000;48;3895;45000;238055;4959;389990;15,3;45,8;61,0;C;27,3;ja;nej;https://leasingoverblik.dk/tilbud/audi-q4-e-tron-performance-286-hk-udb-45-000-15000-48.html
2026-10-09;Honda;ZR-V;;suv;hybrid;15000;36;4545;14995;178615;4962;379900;15,7;47,0;47,0;C;9,2;ja;nej;https://leasingoverblik.dk/tilbud/honda-zr-v-15000-36.html
2026-10-09;Skoda;Peaq;60 Selection 204 hk;suv;el;15000;48;3725;59995;239395;4987;340095;17,6;52,8;70,4;C;33,9;ja;nej;https://leasingoverblik.dk/tilbud/skoda-peaq-60-selection-204-hk-udb-59-995-15000-48.html
2026-10-09;Toyota;bZ4X Touring;Active Tech · lav ydelse;stationcar;el;15000;36;3899;39999;180363;5010;349990;17,2;51,5;51,5;C;28,5;ja;nej;https://leasingoverblik.dk/tilbud/toyota-bz4x-touring-active-tech-lav-ydelse-15000-36.html
2026-10-09;XPENG;G6;RWD Standard Range;suv;el;15000;36;4495;19995;181815;5050;299900;20,2;60,6;60,6;E;12,3;ja;nej;https://leasingoverblik.dk/tilbud/xpeng-g6-rwd-standard-range-15000-36.html
2026-10-09;Volvo;EX40;Black Edition P5 Long Range;suv;el;15000;48;4695;24995;250355;5216;379900;16,5;49,4;65,9;C;11,1;ja;nej;https://leasingoverblik.dk/tilbud/volvo-ex40-black-edition-p5-long-range-15000-48.html
2026-10-09;Mazda;CX-6e;Takumi 258 hk 78 kWh;suv;el;15000;48;4195;49995;251955;5249;329990;19,1;57,3;76,4;D;25,1;ja;nej;https://leasingoverblik.dk/tilbud/mazda-cx-6e-takumi-258-hk-78-kwh-udb-49-995-15000-48.html
2026-10-09;Skoda;Enyaq Coupé;85 Selection 286 hk;suv;el;15000;36;4200;39995;191795;5328;365095;17,5;52,5;52,5;C;26,9;ja;nej;https://leasingoverblik.dk/tilbud/skoda-enyaq-coupe-85-selection-286-hk-15000-36.html
2026-10-09;Audi;Q4 e-tron Sportback;performance 286 hk;suv;el;15000;48;4395;45000;262055;5459;405990;16,1;48,4;64,5;C;24,2;ja;nej;https://leasingoverblik.dk/tilbud/audi-q4-e-tron-sportback-performance-286-hk-udb-45-000-15000-48.html
2026-10-09;Lexus;ES;350e Executive;mellemklasse;el;15000;48;4999;24999;264951;5520;459500;14,4;43,2;57,7;B;10,4;ja;nej;https://leasingoverblik.dk/tilbud/lexus-es-350e-executive-15000-48.html
2026-10-09;Volkswagen;ID.7 Tourer;Style S 286 hk;stationcar;el;15000;48;4495;60000;276360;5758;469995;14,7;44,1;58,8;B;28,1;ja;nej;https://leasingoverblik.dk/tilbud/vw-id-7-tourer-style-s-286-hk-15000-48.html
2026-10-09;BMW;i4;eDrive35 M Sport;mellemklasse;el;15000;48;5195;25000;280555;5845;439900;15,9;47,8;63,8;C;12,5;ja;nej;https://leasingoverblik.dk/tilbud/bmw-i4-edrive35-m-sport-15000-48.html
2026-10-09;Kia;EV9;Upgrade Standard Range 218 hk;stor-suv;el;15000;48;4895;49995;284955;5937;449999;15,8;47,5;63,3;C;21,3;ja;nej;https://leasingoverblik.dk/tilbud/kia-ev9-upgrade-standard-range-218-hk-15000-48.html
2026-10-09;BMW;iX3;40 Active editon;suv;el;15000;48;5495;35000;304955;6353;519900;14,7;44,0;58,7;B;15,6;ja;nej;https://leasingoverblik.dk/tilbud/bmw-ix3-40-active-editon-15000-48.html
2026-10-09;BYD;Tang;Flagship · lav ydelse;stor-suv;el;15000;48;5345;49995;308355;6424;399995;19,3;57,8;77,1;D;20,2;ja;nej;https://leasingoverblik.dk/tilbud/byd-tang-flagship-lav-ydelse-15000-48.html
2026-10-09;Audi;A6 e-tron Sportback;S line plus e-tron 286 hk;mellemklasse;el;15000;48;5395;55000;320055;6668;519990;15,4;46,2;61,6;C;23,6;ja;nej;https://leasingoverblik.dk/tilbud/audi-a6-e-tron-sportback-s-line-plus-e-tron-286-hk-15000-48.html
2026-10-09;BMW;i5;eDrive40 Sedan M Sport;mellemklasse;el;15000;48;5995;30000;323955;6749;544900;14,9;44,6;59,5;B;12,6;ja;nej;https://leasingoverblik.dk/tilbud/bmw-i5-edrive40-sedan-m-sport-15000-48.html
2026-10-09;Audi;A6 e-tron Avant;S line plus e-tron 286 hk;stationcar;el;15000;48;5495;55000;324855;6768;534990;15,2;45,5;60,7;C;23,2;ja;nej;https://leasingoverblik.dk/tilbud/audi-a6-e-tron-avant-s-line-plus-e-tron-286-hk-udb-55-000-15000-48.html
2026-10-09;Audi;Q6 e-tron;S line plus e-tron 252 hk;suv;el;15000;48;5595;55000;329655;6868;519990;15,8;47,5;63,4;C;22,8;ja;nej;https://leasingoverblik.dk/tilbud/audi-q6-e-tron-s-line-plus-e-tron-252-hk-udb-55-000-15000-48.html
2026-10-09;XPENG;G9;RWD Standard Range;stor-suv;el;15000;36;5995;34995;250815;6967;499900;16,7;50,2;50,2;C;16,2;ja;nej;https://leasingoverblik.dk/tilbud/xpeng-g9-rwd-standard-range-15000-36.html
2026-10-09;BMW;i3;xDrive50 First edition;mellemklasse;el;15000;48;6495;35000;352955;7353;619900;14,2;42,7;56,9;B;13,2;ja;nej;https://leasingoverblik.dk/tilbud/bmw-i3-xdrive50-first-edition-15000-48.html
2026-10-09;Audi;Q6 e-tron Sportback;S line plus e-tron 252 hk;suv;el;15000;48;6195;55000;358455;7468;544990;16,4;49,3;65,8;C;20,5;ja;nej;https://leasingoverblik.dk/tilbud/audi-q6-e-tron-sportback-s-line-plus-e-tron-252-hk-udb-55-000-15000-48.html
2026-10-09;MG;MG Cyberster;Trophy;mellemklasse;el;15000;36;6395;54995;285215;7923;499999;19,0;57,0;57,0;D;23,9;ja;nej;https://leasingoverblik.dk/tilbud/mg-mg-cyberster-trophy-udb-54-995-15000-36.html
2026-10-09;Hyundai;Ioniq 9;Advanced 110.3 kWh 218 hk;stor-suv;el;15000;36;6795;49995;295395;8205;509995;19,3;57,9;57,9;D;20,8;ja;nej;https://leasingoverblik.dk/tilbud/hyundai-ioniq-9-advanced-110-3-kwh-218-hk-15000-36.html
2026-10-09;BMW;iX;xDrive60 M Sport;stor-suv;el;15000;48;8995;50000;487955;10166;799900;15,3;45,8;61,0;C;13,0;ja;nej;https://leasingoverblik.dk/tilbud/bmw-ix-xdrive60-m-sport-15000-48.html
2026-10-09;Porsche;Macan;340 hk;suv;el;15000;48;9443;75000;534359;11132;729900;18,3;54,9;73,2;D;17,9;ja;nej;https://leasingoverblik.dk/tilbud/porsche-macan-340-hk-15000-48.html
2026-10-09;BMW;i7;xDrive50 M Sport;mellemklasse;el;15000;48;10995;50000;583955;12166;1099900;13,3;39,8;53,1;B;10,7;ja;nej;https://leasingoverblik.dk/tilbud/bmw-i7-xdrive50-m-sport-15000-48.html
2026-10-09;Renault;Twingo;Techno;minibil;el;10000;48;2195;14995;120355;2507;156990;19,2;57,5;76,7;D;14,2;nej;nej;https://leasingoverblik.dk/tilbud/renault-twingo-e-tech-electric-10000-48.html
2026-10-09;Nissan;Micra;Advance 40 kWh;minibil;el;10000;48;2395;14995;129955;2707;210900;15,4;46,2;61,6;C;13,0;nej;nej;https://leasingoverblik.dk/tilbud/nissan-micra-10000-48.html
2026-10-09;Renault;Renault 5;Evolution EV40;minibil;el;10000;48;2395;14995;129955;2707;189990;17,1;51,3;68,4;C;13,0;nej;nej;https://leasingoverblik.dk/tilbud/renault-renault-5-evolution-ev40-10000-48.html
2026-10-09;Suzuki;Swift;advance;minibil;benzin;10000;36;2125;19995;97645;2712;184990;17,6;52,8;52,8;C;27,6;nej;nej;https://leasingoverblik.dk/tilbud/suzuki-swift-advance-udb-19-995-10000-36.html
2026-10-09;Nissan;Leaf;Engage 52 kWh;kompakt;el;10000;48;2395;19995;134955;2812;249900;13,5;40,5;54,0;B;17,4;nej;nej;https://leasingoverblik.dk/tilbud/nissan-leaf-10000-48.html
2026-10-09;Citroën;ë-C3;VTR Sport · 113 EL 44 kWh;minibil;el;10000;36;1545;49995;106395;2955;169990;20,9;62,6;62,6;E;91,3;nej;nej;https://leasingoverblik.dk/tilbud/citroen-e-c3-vtr-sport-113-el-44-kwh-udb-49-995-10000-36.html
2026-10-09;Renault;Renault 4;Evolution EV40;suv;el;10000;48;2695;14995;144355;3007;199990;18,0;54,1;72,2;D;11,6;nej;nej;https://leasingoverblik.dk/tilbud/renault-renault-4-e-tech-electric-10000-48.html
2026-10-09;XPENG;L03;RWD Standard Range;suv;el;10000;48;2595;29995;155555;3241;239995;16,2;48,6;64,8;C;24,9;nej;nej;https://leasingoverblik.dk/tilbud/xpeng-l03-rwd-standard-range-10000-48.html
2026-10-09;Citroën;ë-C3 Aircross;Plus · 113 EL 54 kWh;suv;el;10000;36;2495;29995;120595;3350;234990;17,1;51,3;51,3;C;34,3;nej;nej;https://leasingoverblik.dk/tilbud/citroen-e-c3-aircross-plus-113-el-54-kwh-udb-29-995-10000-36.html
2026-10-09;Zeekr;Zeekr X;Long Range;suv;el;10000;48;2395;49995;166205;3463;329900;12,6;37,8;50,4;B;44,6;nej;nej;https://leasingoverblik.dk/tilbud/zeekr-zeekr-x-long-range-10000-48.html
2026-10-09;Suzuki;Vitara;active;suv;benzin;10000;36;3195;9995;126165;3505;259990;16,2;48,5;48,5;C;9,7;nej;nej;https://leasingoverblik.dk/tilbud/suzuki-vitara-active-udb-9-995-10000-36.html
2026-10-09;Ford;Puma Gen-E;Premium FWD SR;suv;el;10000;36;2195;49995;129795;3605;224990;19,2;57,7;57,7;D;64,2;nej;nej;https://leasingoverblik.dk/tilbud/ford-puma-gen-e-premium-fwd-sr-udb-49-995-10000-36.html
2026-10-09;Renault;Scenic;Techno 60 kwh;suv;el;10000;48;3195;19995;173355;3612;;;;;;13,1;nej;nej;https://leasingoverblik.dk/tilbud/renault-scenic-techno-60-kwh-10000-48.html
2026-10-09;Leapmotor;B10;DESIGN;suv;el;10000;36;3095;29995;142195;3950;229990;20,6;61,8;61,8;E;27,6;nej;nej;https://leasingoverblik.dk/tilbud/leapmotor-b10-design-10000-36.html
2026-10-09;Ford;Capri;Premium RWD SR;suv;el;10000;36;2545;49995;142395;3955;284990;16,7;50,0;50,0;C;55,4;nej;nej;https://leasingoverblik.dk/tilbud/ford-capri-premium-rwd-sr-udb-49-995-10000-36.html
2026-10-09;Ford;Explorer;Premium RWD SR;suv;el;10000;36;2545;49995;142395;3955;284990;16,7;50,0;50,0;C;55,4;nej;nej;https://leasingoverblik.dk/tilbud/ford-explorer-premium-rwd-sr-udb-49-995-10000-36.html
2026-10-09;Polestar;Polestar 4;Prime Edition Baghjulstræk;suv;el;10000;48;2995;49995;193755;4037;499900;9,7;29,1;38,8;A;34,8;nej;nej;https://leasingoverblik.dk/tilbud/polestar-polestar-4-prime-edition-baghjulstrk-10000-48.html
2026-10-09;Suzuki;e Vitara;active;suv;el;10000;36;3495;19995;146965;4082;246990;19,8;59,5;59,5;D;16,8;nej;nej;https://leasingoverblik.dk/tilbud/suzuki-e-vitara-active-udb-19-995-10000-36.html
2026-10-09;Peugeot;e-208;GT Pack · EL 156 / 54 kWh;minibil;el;10000;36;3645;14995;146995;4083;214990;22,8;68,4;68,4;E;12,0;nej;nej;https://leasingoverblik.dk/tilbud/peugeot-e-208-gt-pack-el-156-54-kwh-udb-14-995-10000-36.html
2026-10-09;Peugeot;e-2008;GT · EL 156 / 54 kWh;suv;el;10000;36;3995;14995;159595;4433;234990;22,6;67,9;67,9;E;11,0;nej;nej;https://leasingoverblik.dk/tilbud/peugeot-e-2008-gt-el-156-54-kwh-udb-14-995-10000-36.html
2026-10-09;Suzuki;S-Cross;active;suv;benzin;10000;36;3575;29995;159845;4440;275990;19,3;57,9;57,9;D;24,2;nej;nej;https://leasingoverblik.dk/tilbud/suzuki-s-cross-active-udb-29-995-10000-36.html
2026-10-09;Zeekr;7GT;Core;stationcar;el;10000;48;3395;49995;214205;4463;324900;16,5;49,5;65,9;C;31,5;nej;nej;https://leasingoverblik.dk/tilbud/zeekr-7gt-core-10000-48.html
2026-10-09;XPENG;P7+;RWD Long Range;mellemklasse;el;10000;48;3495;49995;217755;4537;359995;15,1;45,4;60,5;C;29,8;nej;nej;https://leasingoverblik.dk/tilbud/xpeng-p7-rwd-long-range-10000-48.html
2026-10-09;NIO;ET5 Touring;Long Range;stationcar;el;10000;36;3995;19995;163815;4550;399900;13,7;41,0;41,0;B;13,9;nej;nej;https://leasingoverblik.dk/tilbud/nio-et5-touring-10000-36.html
2026-10-09;Zeekr;001;Long Range RWD;stationcar;el;10000;48;3695;49995;228605;4763;454900;12,6;37,7;50,3;B;28,9;nej;nej;https://leasingoverblik.dk/tilbud/zeekr-001-long-range-rwd-10000-48.html
2026-10-09;Citroën;ë-C5 Aircross;VTR Sport · 210 EL;suv;el;10000;36;3995;29995;174595;4850;289990;20,1;60,2;60,2;E;21,4;nej;nej;https://leasingoverblik.dk/tilbud/citroen-e-c5-aircross-vtr-sport-210-el-udb-29-995-10000-36.html
2026-10-09;Zeekr;7X;Long Range RWD;suv;el;10000;48;3895;49995;238205;4963;439900;13,5;40,6;54,1;B;27,4;nej;nej;https://leasingoverblik.dk/tilbud/zeekr-7x-long-range-rwd-10000-48.html
2026-10-09;NIO;EL6;Long Range;suv;el;10000;36;4495;19995;181815;5050;429900;14,1;42,3;42,3;B;12,3;nej;nej;https://leasingoverblik.dk/tilbud/nio-el6-10000-36.html
2026-10-09;Peugeot;e-5008;GT Pack · EL 210;stor-suv;el;10000;36;3795;49995;187395;5205;379990;16,4;49,3;49,3;C;37,2;nej;nej;https://leasingoverblik.dk/tilbud/peugeot-e-5008-gt-pack-el-210-udb-49-995-10000-36.html
2026-10-09;Peugeot;e-3008;GT · EL 210;suv;el;10000;36;4395;29995;188995;5250;304990;20,7;62,0;62,0;E;19,5;nej;nej;https://leasingoverblik.dk/tilbud/peugeot-e-3008-gt-el-210-udb-29-995-10000-36.html
2026-10-09;Ford;E-Tourneo Custom;Titanium X RWD;stor-suv;el;10000;36;4145;49995;199995;5555;419995;15,9;47,6;47,6;C;34,0;nej;nej;https://leasingoverblik.dk/tilbud/ford-e-tourneo-custom-titanium-x-rwd-udb-49-995-10000-36.html
2026-10-09;Mercedes-Benz;GLA;250+ Advance Plus · inkl. forsikring;suv;el;15000;36;4595;34990;206810;5745;;;;;;25,0;nej;ja;https://leasingoverblik.dk/tilbud/mercedes-gla-250-advance-plus-inkl-forsikring-15000-36.html
2026-10-09;Mercedes-Benz;CLA;250+ Advance Edition · inkl. forsikring;mellemklasse;el;15000;36;4695;34990;210410;5845;419900;16,7;50,1;50,1;C;24,5;nej;ja;https://leasingoverblik.dk/tilbud/mercedes-cla-250-advance-edition-inkl-forsikring-15000-36.html
2026-10-09;Mercedes-Benz;GLB;250+ Advance Plus · inkl. forsikring;suv;el;15000;36;4995;34990;221210;6145;419900;17,6;52,7;52,7;C;23,0;nej;ja;https://leasingoverblik.dk/tilbud/mercedes-glb-250-advance-plus-inkl-forsikring-15000-36.html
2026-10-09;Mercedes-Benz;C-Klasse;C 300 4MATIC Advance Plus · inkl. forsikring;mellemklasse;el;15000;36;6095;34990;260810;7245;;;;;;18,9;nej;ja;https://leasingoverblik.dk/tilbud/mercedes-c-klasse-c-300-4matic-advance-plus-inkl-forsikring-15000-36.html
2026-10-09;Mercedes-Benz;GLC;250 Advance Plus · inkl. forsikring;suv;el;15000;36;5995;45000;267220;7423;;;;;;23,8;nej;ja;https://leasingoverblik.dk/tilbud/mercedes-glc-250-advance-plus-inkl-forsikring-15000-36.html
2026-10-09;Mercedes-Benz;EQS;450+ · inkl. forsikring;mellemklasse;el;15000;36;12995;80000;554220;15395;;;;;;18,5;nej;ja;https://leasingoverblik.dk/tilbud/mercedes-eqs-450-inkl-forsikring-15000-36.html
