dato;model;variant;km_pr_aar;loebetid_mdr;foerstegangsydelse_kr;foer_kr;efter_kr;aendring_kr;aendring_pct;url
2026-10-08;Volkswagen T-Roc;R-Line 1.5 eTSI Mild hybrid DSG7 150 hk;10000;12;10000;4178;3878;-300;-7,2;https://leasingoverblik.dk/model/vw-t-roc.html
2026-10-02;Volkswagen ID. Buzz Kort;Life 286 hk;10000;48;30000;5032;4332;-700;-13,9;https://leasingoverblik.dk/model/vw-id-buzz-kort.html
2026-10-02;Volkswagen ID. Buzz Lang;Life 286 hk;10000;48;30000;5432;4732;-700;-12,9;https://leasingoverblik.dk/model/vw-id-buzz-lang.html
2026-09-21;Kia EV6;Prestige 229 hk;10000;48;59995;3545;3245;-300;-8,5;https://leasingoverblik.dk/model/kia-ev6.html
2026-09-12;Kia PV5 Passenger;Long Range;10000;48;29995;3520;3720;200;5,7;https://leasingoverblik.dk/model/kia-pv5-passenger.html
2026-09-11;Audi Q4 e-tron;performance 286 hk;15000;48;45000;5259;4959;-300;-5,7;https://leasingoverblik.dk/model/audi-q4-e-tron.html
2026-09-11;Audi Q4 e-tron Sportback;performance 286 hk;15000;48;45000;5759;5459;-300;-5,2;https://leasingoverblik.dk/model/audi-q4-e-tron-sportback.html
2026-09-10;Kia PV5 Passenger;Long Range;10000;48;29995;3720;3520;-200;-5,4;https://leasingoverblik.dk/model/kia-pv5-passenger.html
2026-08-21;Toyota C-HR+;Active 77 kWh 343 hk AWD;15000;36;39999;4010;3810;-200;-5,0;https://leasingoverblik.dk/model/toyota-c-hr.html
2026-08-14;Cupra Tavascan;Endurance 286 hk;10000;48;19995;4124;4024;-100;-2,4;https://leasingoverblik.dk/model/cupra-tavascan.html
2026-08-04;Citroën ë-C5 Aircross;;10000;36;29995;3850;4850;1000;26,0;https://leasingoverblik.dk/model/citroen-c5-aircross.html
2026-08-04;Citroën ë-C3 Aircross;;10000;36;29995;3250;3450;200;6,2;https://leasingoverblik.dk/model/citroen-c3-aircross.html
2026-07-22;Toyota C-HR+;Active;15000;36;39999;4310;4010;-300;-7,0;https://leasingoverblik.dk/model/toyota-c-hr.html
